model,target_source_specificity,source_dataset,source_N_images,source_N_lesions,frozen_threshold,threshold_ci_low,threshold_ci_high,external_dataset,external_N_images,external_N_lesions,external_sensitivity,sensitivity_ci_low,sensitivity_ci_high,external_specificity,specificity_ci_low,specificity_ci_high,external_FN_images,external_TP_images,FN_per_1000_images,n_boot
Handcrafted,0.8,HAM validation,1505,1120,0.15471727,0.13138878,0.17572798,BCN20000,12413,3576,0.3346167308365418,0.2792353328938695,0.40358927056329136,0.8584135621598995,0.8222861169159362,0.8832115141404062,1901,956,153.1458954322082,1000
Handcrafted,0.9,HAM validation,1505,1120,0.24705994,0.23439585,0.28063977,BCN20000,12413,3576,0.16065803290164507,0.1177796229528898,0.18669811074751125,0.9381540393470071,0.9296091625045261,0.9540435337080642,2398,459,193.18456456940305,1000
Handcrafted,0.95,HAM validation,1505,1120,0.35533285,0.3143342,0.3787801,BCN20000,12413,3576,0.056702835141757085,0.0405710471002565,0.09214168892619298,0.9806404353285894,0.9680518968725748,0.9876017374740245,2695,162,217.1110932087328,1000
Deep,0.8,HAM validation,1505,1120,0.01949471,0.011031801,0.0342423,BCN20000,12413,3576,0.46937346867343366,0.4048041586492624,0.5246745297911026,0.8306822938467978,0.7966759600858297,0.8693491782281898,1516,1341,122.13002497381778,1000
Deep,0.9,HAM validation,1505,1120,0.2090703,0.12099365,0.3456115,BCN20000,12413,3576,0.30171508575428774,0.24979322888494776,0.35091599494104553,0.9302009208874006,0.9133136448353345,0.9469142168202659,1995,862,160.71860146620477,1000
Deep,0.95,HAM validation,1505,1120,0.7647334,0.66568077,0.91256267,BCN20000,12413,3576,0.17815890794539727,0.12653814847935657,0.21535668800512794,0.9718501465048137,0.9638830426921912,0.9835852721594184,2348,509,189.15652944493678,1000
Hybrid,0.8,HAM validation,1505,1120,0.0097560445,0.0068762675,0.015759934,BCN20000,12413,3576,0.4767238361918096,0.4109836647727273,0.5386329306236656,0.8803892842193386,0.8509793742627273,0.9084675440628073,1495,1362,120.43825022154194,1000
Hybrid,0.9,HAM validation,1505,1120,0.045356482,0.038497545,0.08425885,BCN20000,12413,3576,0.32621631081554076,0.27303542944544096,0.37344328916124314,0.9473629133528673,0.9367097766773871,0.9642986895908622,1925,932,155.07935229195203,1000
Hybrid,0.95,HAM validation,1505,1120,0.18751681,0.115301795,0.29821607,BCN20000,12413,3576,0.21876093804690233,0.16838682696289625,0.27589420750509985,0.9772917538719129,0.9677780856080144,0.9852454726264,2232,625,179.811487956175,1000
