dataset,method,N,prevalence,AUC,PR-AUC,Brier,ECE,INB_0.02_0.20,INB_0.02_0.50,cal_slope,cal_intercept
HAM test,Raw,1510,0.11059602649006622,0.8873110071740361,0.5215442013581449,0.09693621382034968,0.0855521476449441,0.06375385644495363,0.03924862728014816,0.25399269176828365,-1.034587069579124
HAM test,Temperature,1510,0.11059602649006622,0.8873110071740361,0.5215442013581448,0.08430767662197083,0.06688006013606147,0.06778705691164691,0.03767131679424025,0.6754496320648498,-1.035197180132685
HAM test,Platt,1510,0.11059602649006622,0.8873110071740361,0.5215442013581448,0.07156385614221561,0.024296587821803085,0.06840872075956618,0.04482234173990893,0.8033842222479922,-0.30046147416826946
HAM test,Isotonic,1510,0.11059602649006622,0.885485172618278,0.49561555924975786,0.07201704013444626,0.029828727219225408,0.0685607603913803,0.04450787725189175,0.7300704433973277,-0.3525720676068597
HAM test,Beta,1510,0.11059602649006622,0.8873110071740361,0.5215442013581448,0.07132315405775978,0.024424747041035935,0.06834177562141833,0.044344582961863416,0.7864923357076926,-0.2815498933635107
HAM test,Prevalence-only,1510,0.11059602649006622,0.8873110071740361,0.5215442013581448,0.0947652454246884,0.080955298593616,0.06338988862555742,0.03972099668914988,0.2546578784391954,-0.969842846896614
HAM test,ABC-conditioned,1510,0.11059602649006622,0.8848631850223604,0.5246594063779131,0.07162724770966596,0.022520180157878204,0.06873480232784986,0.04638499915685237,0.7084958491581695,-0.46184434560039467
BCN20000,Raw,12413,0.23016192701200355,0.7126250829075569,0.4722148882097616,0.18971912735034246,0.17559960985682183,0.07401319022723231,0.05166454783724019,0.15995440078177103,-0.20904570018333932
BCN20000,Temperature,12413,0.23016192701200355,0.7126413091269884,0.4722613951073611,0.165710577076667,0.10398690030062495,0.11652201499118382,0.07126443180117215,0.4262963157404957,-0.20905242735799273
BCN20000,Platt,12413,0.23016192701200355,0.7126413091269884,0.4722613951073611,0.17456138590992112,0.13565227427529772,0.09904131151039383,0.058416050315913196,0.5075080139106284,0.25557699774949055
BCN20000,Isotonic,12413,0.23016192701200355,0.7102650104250712,0.45411253388419576,0.17459614566067036,0.13689259994396025,0.09776533870676159,0.058876582808995354,0.42111715826816853,0.12724691514999464
BCN20000,Beta,12413,0.23016192701200355,0.7126413091269884,0.4722613951073611,0.17391026392986883,0.1358235113488392,0.09902949345816384,0.05986521503881988,0.4495245530830275,0.16452794802981904
BCN20000,Prevalence-only,12413,0.23016192701200355,0.7126413091269884,0.4722613951073611,0.190510286988811,0.1756575452021905,0.07106723527725259,0.04992868057864405,0.16037970409786093,-0.1661096178025478
BCN20000,ABC-conditioned,12413,0.23016192701200355,0.7545109073159811,0.5408060040801538,0.18619800124514083,0.18095318260315046,0.0734906706551492,0.045259300863144336,0.5326303954564773,0.9938006443283514
