model,N,brier_raw_mean,brier_platt_mean,brier_iso_mean,brier_platt_std,brier_iso_std
Deep (EffB0),50,0.032063868434901895,0.0307913278125116,0.033782343839445214,0.004993742643065279,0.008459519595395218
Deep (EffB0),100,0.03206779463177091,0.027729336804117342,0.029320372381198244,0.003193314091498088,0.0019234605912454644
Deep (EffB0),200,0.03205223930660742,0.025983005757047,0.027594104497070233,0.0012962254568802964,0.0014562796666630982
Deep (EffB0),500,0.03207631234639247,0.0252161655741851,0.02646254409670377,0.00043834572078644564,0.0009348261962234546
Deep (EffB0),1000,0.0321470015672916,0.02497129667008315,0.02573424635082172,0.0003204732633112632,0.0005592444328163948
Hybrid (ABC+Emb),50,0.021857259537836807,0.02731650464725241,0.028321123576712064,0.008342582959760902,0.009375763614628005
Hybrid (ABC+Emb),100,0.02187597623049408,0.024746209790845443,0.02557947729478477,0.008181169631793586,0.00804775144722636
Hybrid (ABC+Emb),200,0.021858977249454493,0.022000052135566404,0.023277979858120922,0.0014529180180820002,0.0017326950487583591
Hybrid (ABC+Emb),500,0.021898269966384065,0.021610324774906722,0.02217367527765667,0.0005032267865846375,0.0011059918398917234
Hybrid (ABC+Emb),1000,0.02187606398451061,0.021433228995586785,0.021741812215316007,0.0003777750195369143,0.0006840569406284942
