dataset,score_correction,comparator,metric,point_difference,bootstrap_mean_difference,ci_low,ci_high,probability_difference_gt_0,bootstrap_resamples
BCN20000,alpha-only,Raw,AUC,0.029279956567941356,0.02952085981959621,0.023597478971740034,0.035356126509421555,1.0,1000
BCN20000,alpha-only,Raw,PR-AUC,0.0036641484419404624,0.003997014146642344,-0.0014221788349311575,0.009444242825621998,0.927,1000
BCN20000,alpha-only,Raw,Brier,-0.01402435115848194,-0.014030480080924255,-0.01598256114077999,-0.011951560983991796,0.0,1000
BCN20000,alpha-only,Raw,ECE,-0.03421025238790812,-0.03389370657813022,-0.039199344207416435,-0.028554119427491868,0.0,1000
BCN20000,alpha-only,Raw,mean_net_benefit_0.02_0.50,0.006571879198106707,0.00656726252991805,0.0050485770895841876,0.007990923240457186,1.0,1000
BCN20000,alpha-only,Platt,AUC,0.02926373034850982,0.029504621599592117,0.023594111295472227,0.0353916534782675,1.0,1000
BCN20000,alpha-only,Platt,PR-AUC,0.003617641544340966,0.004007462171501807,-0.0014295878920536531,0.009356283100175684,0.926,1000
BCN20000,alpha-only,Platt,Brier,0.0011333902819394004,0.0011079770812719367,0.00045476266423531556,0.0017203314524408902,1.0,1000
BCN20000,alpha-only,Platt,ECE,0.005737083193615988,0.005742358774837152,0.005115925451424605,0.006388479631219471,1.0,1000
BCN20000,alpha-only,Platt,mean_net_benefit_0.02_0.50,-0.00017962328056629617,-0.00015602757141627987,-0.0007873896746885285,0.0005055964995205233,0.311,1000
BCN20000,alpha-only,Isotonic,AUC,0.031640029050427065,0.031879358572903735,0.025951232668589206,0.037946791088338434,1.0,1000
BCN20000,alpha-only,Isotonic,PR-AUC,0.0217665027675063,0.02224406478624957,0.016736735333765747,0.02727576203273435,1.0,1000
BCN20000,alpha-only,Isotonic,Brier,0.0010986305311901645,0.0010745109044441022,0.0003512841662528035,0.00178448699911175,0.998,1000
BCN20000,alpha-only,Isotonic,ECE,0.00449675752495346,0.004487568614322266,0.0037366667484144502,0.005252430762023267,1.0,1000
BCN20000,alpha-only,Isotonic,mean_net_benefit_0.02_0.50,-0.0006401557736484542,-0.000622276065284765,-0.0013753435604962117,0.0001276513356481157,0.06,1000
BCN20000,alpha-only,all descriptors,AUC,-0.012637441206509892,-0.012704355078741783,-0.017071769580927692,-0.008524260770144954,0.0,1000
BCN20000,alpha-only,all descriptors,PR-AUC,-0.06507666001297718,-0.06452617694126636,-0.07463012000554271,-0.053647876638159064,0.0,1000
BCN20000,alpha-only,all descriptors,Brier,-0.010542162180186249,-0.010606930453271367,-0.012366034381135326,-0.008968889958218193,0.0,1000
BCN20000,alpha-only,all descriptors,ECE,-0.03964121049170219,-0.03962121024349663,-0.041231957762236315,-0.037988638396723624,0.0,1000
BCN20000,alpha-only,all descriptors,mean_net_benefit_0.02_0.50,0.01298073889947949,0.013046165870943786,0.011036372671533146,0.01509120751113572,1.0,1000
BCN20000,beta-only,Raw,AUC,0.04061188304287533,0.04081164594632379,0.03470909349724877,0.04724160251318194,1.0,1000
BCN20000,beta-only,Raw,PR-AUC,0.06928999507110384,0.06891307032975152,0.06077293677528112,0.07718222837239046,1.0,1000
BCN20000,beta-only,Raw,Brier,-0.007613924694291618,-0.0075565128798173046,-0.010339615499246363,-0.0048143628511078135,0.0,1000
BCN20000,beta-only,Raw,ECE,-0.0015011036556452917,-0.0012173485036157605,-0.006202666438568578,0.003670502619810139,0.32,1000
BCN20000,beta-only,Raw,mean_net_benefit_0.02_0.50,-0.0018528407402463518,-0.001914756012754569,-0.004265464380732283,0.00035578526986220535,0.052,1000
BCN20000,beta-only,Platt,AUC,0.04059565682344379,0.04079540772631971,0.03470486719764294,0.04723023582249037,1.0,1000
BCN20000,beta-only,Platt,PR-AUC,0.06924348817350434,0.068923518354611,0.06082052005702894,0.07724119519029667,1.0,1000
BCN20000,beta-only,Platt,Brier,0.007543816746129722,0.007581944282378886,0.0062182187219961575,0.00904580288799441,1.0,1000
BCN20000,beta-only,Platt,ECE,0.038446231925878815,0.0384187168493516,0.03711778592667246,0.03976519224342108,1.0,1000
BCN20000,beta-only,Platt,mean_net_benefit_0.02_0.50,-0.008604343218919355,-0.0086380461140889,-0.010482850643600446,-0.006997803069672365,0.0,1000
BCN20000,beta-only,Isotonic,AUC,0.04297195552536104,0.04317014469963131,0.037059497008128627,0.04947899724624902,1.0,1000
BCN20000,beta-only,Isotonic,PR-AUC,0.08739234939666968,0.08716012096935875,0.07914144078043502,0.09608458960091167,1.0,1000
BCN20000,beta-only,Isotonic,Brier,0.007509056995380486,0.007548478105551052,0.006101637998376843,0.00910321551486684,1.0,1000
BCN20000,beta-only,Isotonic,ECE,0.03720590625721629,0.03716392668883672,0.03579080746582835,0.038658068639837756,1.0,1000
BCN20000,beta-only,Isotonic,mean_net_benefit_0.02_0.50,-0.009064875712001513,-0.009104294607957383,-0.011027527513040532,-0.007364750908749615,0.0,1000
BCN20000,beta-only,all descriptors,AUC,-0.0013055147315759186,-0.0014135689520141984,-0.005136701019713488,0.002332113490452419,0.22,1000
BCN20000,beta-only,all descriptors,PR-AUC,0.0005491866161861925,0.00038987924184281274,-0.004661327120354536,0.0054715442151758885,0.554,1000
BCN20000,beta-only,all descriptors,Brier,-0.004131735715995927,-0.004132963252164416,-0.004945467540304295,-0.003386119861210308,0.0,1000
BCN20000,beta-only,all descriptors,ECE,-0.006932061759439362,-0.006944852168982173,-0.007685910153808174,-0.00627685964463669,0.0,1000
BCN20000,beta-only,all descriptors,mean_net_benefit_0.02_0.50,0.00455601896112643,0.004564147328271168,0.0037039022924569604,0.005515275955203886,1.0,1000
BCN20000,A-only descriptors,Raw,AUC,-0.000819991815832033,-0.0008224831682862023,-0.001866435130530686,0.00024393053941263717,0.069,1000
BCN20000,A-only descriptors,Raw,PR-AUC,-0.00025326213723791957,-0.00019897242158957922,-0.0011158592354710145,0.0008060561156950458,0.336,1000
BCN20000,A-only descriptors,Raw,Brier,-0.016116835412770952,-0.01609616932542896,-0.018162638058705518,-0.014213925448292954,0.0,1000
BCN20000,A-only descriptors,Raw,ECE,-0.042682096875331754,-0.042368986559373496,-0.047522655186927366,-0.037268485350762506,0.0,1000
BCN20000,A-only descriptors,Raw,mean_net_benefit_0.02_0.50,0.007547509891877656,0.007519917432636958,0.006208087847857525,0.008893092733671884,1.0,1000
BCN20000,A-only descriptors,Platt,AUC,-0.0008362180352635695,-0.0008387213882902973,-0.001861937835370367,0.0002123521712357102,0.06,1000
BCN20000,A-only descriptors,Platt,PR-AUC,-0.000299769034837416,-0.00018852439673011583,-0.0010928697088105482,0.0008484282839361715,0.348,1000
BCN20000,A-only descriptors,Platt,Brier,-0.0009590939723496117,-0.0009577121632327694,-0.0011000750546908001,-0.0008178453587426214,0.0,1000
BCN20000,A-only descriptors,Platt,ECE,-0.002734761293807647,-0.002732921206406129,-0.0028790099291637755,-0.0025945166916201377,0.0,1000
BCN20000,A-only descriptors,Platt,mean_net_benefit_0.02_0.50,0.0007960074132046524,0.0007966273313026282,0.0006319960535976979,0.0009455900935820156,1.0,1000
BCN20000,A-only descriptors,Isotonic,AUC,0.001540080666653676,0.0015360155850213189,2.5657518219480015e-06,0.0031477892797530877,0.975,1000
BCN20000,A-only descriptors,Isotonic,PR-AUC,0.01784909218832792,0.018048078218017648,0.015846553058500454,0.02031046487128171,1.0,1000
BCN20000,A-only descriptors,Isotonic,Brier,-0.0009938537230988476,-0.000991178340060604,-0.0013809070915453837,-0.000604564938408992,0.0,1000
BCN20000,A-only descriptors,Isotonic,ECE,-0.003975086962470176,-0.003987711366921014,-0.004394228744968985,-0.0036007464961899383,0.0,1000
BCN20000,A-only descriptors,Isotonic,mean_net_benefit_0.02_0.50,0.00033547492012249436,0.00033037883743414307,-0.0001294664548618025,0.0007833329603077701,0.925,1000
BCN20000,A-only descriptors,all descriptors,AUC,-0.04273738959028328,-0.043047698066624195,-0.05166639416068475,-0.03460142391635847,0.0,1000
BCN20000,A-only descriptors,all descriptors,PR-AUC,-0.06899407059215557,-0.0687221635094983,-0.08012427494845976,-0.05796329016289308,0.0,1000
BCN20000,A-only descriptors,all descriptors,Brier,-0.01263464643447526,-0.01267261969777607,-0.014519629861412397,-0.010963944793101553,0.0,1000
BCN20000,A-only descriptors,all descriptors,ECE,-0.048113054979125824,-0.04809649022473991,-0.04975087237731569,-0.04646338477555893,0.0,1000
BCN20000,A-only descriptors,all descriptors,mean_net_benefit_0.02_0.50,0.013956369593250438,0.013998820773662693,0.011864325422407014,0.016202499358403503,1.0,1000
BCN20000,B-only descriptors,Raw,AUC,-0.002517096867819535,-0.0025294752765628635,-0.004988983860701621,-0.0001915360535611981,0.018,1000
BCN20000,B-only descriptors,Raw,PR-AUC,-0.0068948018138037526,-0.007011546826902014,-0.009611615987225562,-0.004214742423499225,0.0,1000
BCN20000,B-only descriptors,Raw,Brier,-0.015320191032562935,-0.01529627668642347,-0.017256223368433923,-0.013349186843527074,0.0,1000
BCN20000,B-only descriptors,Raw,ECE,-0.043498427837317194,-0.043184554793057224,-0.04846940042173027,-0.03808359665713575,0.0,1000
BCN20000,B-only descriptors,Raw,mean_net_benefit_0.02_0.50,0.006986284573236565,0.006950098235900376,0.005534735381108489,0.008323404350462658,1.0,1000
BCN20000,B-only descriptors,Platt,AUC,-0.0025333230872510715,-0.0025457134965669584,-0.00501044340014766,-0.00018925198844008673,0.018,1000
BCN20000,B-only descriptors,Platt,PR-AUC,-0.006941308711403249,-0.007001098802042552,-0.009630284491033581,-0.004199221041697566,0.0,1000
BCN20000,B-only descriptors,Platt,Brier,-0.0001624495921415947,-0.00015781952422727795,-0.0005782956875012658,0.00025147313702784734,0.218,1000
BCN20000,B-only descriptors,Platt,ECE,-0.003551092255793087,-0.0035484894400898592,-0.0039324289338444045,-0.003132914385989225,0.0,1000
BCN20000,B-only descriptors,Platt,mean_net_benefit_0.02_0.50,0.0002347820945635612,0.0002268081345660452,-0.00029834418045065743,0.0007491445593433379,0.799,1000
BCN20000,B-only descriptors,Isotonic,AUC,-0.000157024385333826,-0.0001709765232553422,-0.002966670117234621,0.0023862860223585413,0.454,1000
BCN20000,B-only descriptors,Isotonic,PR-AUC,0.011207552511762087,0.011235503812705211,0.008011434095463248,0.014451615081864221,1.0,1000
BCN20000,B-only descriptors,Isotonic,Brier,-0.00019720934289083059,-0.0001912857010551125,-0.0007397168736699135,0.00034146202726035435,0.242,1000
BCN20000,B-only descriptors,Isotonic,ECE,-0.004791417924455615,-0.004803279600604745,-0.005321628663377172,-0.004272873615270077,0.0,1000
BCN20000,B-only descriptors,Isotonic,mean_net_benefit_0.02_0.50,-0.00022575039851859685,-0.00023944035930243996,-0.0008915058401240981,0.0004503107436315768,0.235,1000
BCN20000,B-only descriptors,all descriptors,AUC,-0.04443449464227078,-0.04475469017490086,-0.05381332995295262,-0.03578347771513901,0.0,1000
BCN20000,B-only descriptors,all descriptors,PR-AUC,-0.0756356102687214,-0.07553473791481072,-0.08719190570365759,-0.0632540789628056,0.0,1000
BCN20000,B-only descriptors,all descriptors,Brier,-0.011838002054267244,-0.01187272705877058,-0.01402711797004915,-0.009993454071987491,0.0,1000
BCN20000,B-only descriptors,all descriptors,ECE,-0.048929385941111264,-0.048912058458423634,-0.05070078143794854,-0.04712222255953122,0.0,1000
BCN20000,B-only descriptors,all descriptors,mean_net_benefit_0.02_0.50,0.013395144274609347,0.013429001576926112,0.011130483640878628,0.01594044489054037,1.0,1000
BCN20000,C-only descriptors,Raw,AUC,0.04456102618860536,0.04486382166796503,0.037193508936794795,0.0523486110523842,1.0,1000
BCN20000,C-only descriptors,Raw,PR-AUC,0.0646983554162896,0.0644262624925787,0.054385292497406756,0.07483203329886816,1.0,1000
BCN20000,C-only descriptors,Raw,Brier,0.0008314761984062058,0.0008937389977380407,-0.0021655885712751175,0.004101127093288343,0.712,1000
BCN20000,C-only descriptors,Raw,ECE,0.010942608436345036,0.01123825547868989,0.006111804616268024,0.016411943533884733,1.0,1000
BCN20000,C-only descriptors,Raw,mean_net_benefit_0.02_0.50,-0.011526747054451253,-0.011604357059322053,-0.01438295307356466,-0.00886243198139196,0.0,1000
BCN20000,C-only descriptors,Platt,AUC,0.04454479996917382,0.04484758344796093,0.03718281440550078,0.05232474475102421,1.0,1000
BCN20000,C-only descriptors,Platt,PR-AUC,0.0646518485186901,0.06443671051743817,0.05440534675613858,0.074844894261568,1.0,1000
BCN20000,C-only descriptors,Platt,Brier,0.015989217638827546,0.016032196159934235,0.014315242814789403,0.017866055234892732,1.0,1000
BCN20000,C-only descriptors,Platt,ECE,0.05088994401786914,0.05087432083165725,0.04933802090330885,0.05247835545194413,1.0,1000
BCN20000,C-only descriptors,Platt,mean_net_benefit_0.02_0.50,-0.018278249533124256,-0.018327647160656383,-0.02059189125357011,-0.016267425573775456,0.0,1000
BCN20000,C-only descriptors,Isotonic,AUC,0.046921098671091066,0.04722232042127255,0.039346988596604765,0.05472399747610876,1.0,1000
BCN20000,C-only descriptors,Isotonic,PR-AUC,0.08280070974185544,0.08267331313218593,0.0725772045750853,0.09308466067738008,1.0,1000
BCN20000,C-only descriptors,Isotonic,Brier,0.01595445788807831,0.015998729983106398,0.014225858466294657,0.017869001176551977,1.0,1000
BCN20000,C-only descriptors,Isotonic,ECE,0.049649618349206615,0.049619530671142366,0.04793866790573574,0.05134598738916757,1.0,1000
BCN20000,C-only descriptors,Isotonic,mean_net_benefit_0.02_0.50,-0.018738782026206414,-0.018793895654524866,-0.021102560572169516,-0.016692993312522015,0.0,1000
BCN20000,C-only descriptors,all descriptors,AUC,0.002643628414154109,0.0026386067696270335,0.0009867844732936253,0.004250741402037874,0.999,1000
BCN20000,C-only descriptors,all descriptors,PR-AUC,-0.004042453038628047,-0.00409692859533,-0.006619555189220394,-0.0014902779267603335,0.001,1000
BCN20000,C-only descriptors,all descriptors,Brier,0.004313665176701897,0.00431728862539093,0.003930029414864206,0.004718716376893588,1.0,1000
BCN20000,C-only descriptors,all descriptors,ECE,0.005511650332550966,0.005510751813323477,0.005159624919358088,0.0058703390115206885,1.0,1000
BCN20000,C-only descriptors,all descriptors,mean_net_benefit_0.02_0.50,-0.005117887353078471,-0.005125453718296317,-0.005655822118814338,-0.004626196482973901,0.0,1000
BCN20000,GLCM-only descriptors,Raw,AUC,0.012285976898258943,0.012415758751639874,0.00553139520538915,0.01932918884839165,1.0,1000
BCN20000,GLCM-only descriptors,Raw,PR-AUC,0.03722066925370343,0.036882390261353884,0.027905438388547466,0.04536440679382506,1.0,1000
BCN20000,GLCM-only descriptors,Raw,Brier,0.0020835180778662477,0.0021393043331071073,-0.0008442261464296247,0.005196951925034365,0.917,1000
BCN20000,GLCM-only descriptors,Raw,ECE,0.010169890037097173,0.010456944421211352,0.005411560249524276,0.015696969301357,1.0,1000
BCN20000,GLCM-only descriptors,Raw,mean_net_benefit_0.02_0.50,-0.01270603363915486,-0.012774552920308295,-0.015408242795290806,-0.010157325488386207,0.0,1000
BCN20000,GLCM-only descriptors,Platt,AUC,0.012269750678827407,0.01239952053163578,0.005522847410657708,0.019286947043399113,1.0,1000
BCN20000,GLCM-only descriptors,Platt,PR-AUC,0.037174162356103935,0.03689283828621335,0.02792641777854913,0.04541031486833872,1.0,1000
BCN20000,GLCM-only descriptors,Platt,Brier,0.01724125951828759,0.0172777614953033,0.015709206655354954,0.018995923626488435,1.0,1000
BCN20000,GLCM-only descriptors,Platt,ECE,0.05011722561862128,0.05009300977417871,0.04864952913779764,0.05163966385353451,1.0,1000
BCN20000,GLCM-only descriptors,Platt,mean_net_benefit_0.02_0.50,-0.019457536117827863,-0.019497843021642623,-0.021550127952356078,-0.017500536010298513,0.0,1000
BCN20000,GLCM-only descriptors,Isotonic,AUC,0.014646049380744652,0.014774257504947392,0.007861813532923378,0.021742831512169648,1.0,1000
BCN20000,GLCM-only descriptors,Isotonic,PR-AUC,0.05532302357926927,0.05512944090096111,0.046009548417980335,0.06378111715579665,1.0,1000
BCN20000,GLCM-only descriptors,Isotonic,Brier,0.017206499767538352,0.017244295318475465,0.015552713247978408,0.019135002830845474,1.0,1000
BCN20000,GLCM-only descriptors,Isotonic,ECE,0.04887689994995875,0.04883821961366383,0.04721119474694421,0.05053418944279563,1.0,1000
BCN20000,GLCM-only descriptors,Isotonic,mean_net_benefit_0.02_0.50,-0.01991806861091002,-0.01996409151551111,-0.022139568809730035,-0.017844086602842476,0.0,1000
BCN20000,GLCM-only descriptors,all descriptors,AUC,-0.029631420876192305,-0.029809456146698124,-0.03424048759075416,-0.025224214468323257,0.0,1000
BCN20000,GLCM-only descriptors,all descriptors,PR-AUC,-0.031520139201214215,-0.03164080082655482,-0.03630890273510258,-0.026236258552219505,0.0,1000
BCN20000,GLCM-only descriptors,all descriptors,Brier,0.005565707056161939,0.005562853960759996,0.004943180584297379,0.006221675425340571,1.0,1000
BCN20000,GLCM-only descriptors,all descriptors,ECE,0.004738931933303103,0.004729440755844939,0.004215625688102038,0.005242867903992695,1.0,1000
BCN20000,GLCM-only descriptors,all descriptors,mean_net_benefit_0.02_0.50,-0.006297173937782077,-0.006295649579282559,-0.007111004316429845,-0.0054948455643150035,0.0,1000
BCN20000,all descriptors,Raw,AUC,0.04191739777445125,0.042225214898338,0.033926947593269155,0.05093483828819189,1.0,1000
BCN20000,all descriptors,Raw,PR-AUC,0.06874080845491765,0.06852319108790872,0.057609064200411696,0.07981416297638129,1.0,1000
BCN20000,all descriptors,Raw,Brier,-0.0034821889782956916,-0.003423549627652889,-0.00661436939874787,-0.00018992599384716247,0.015,1000
BCN20000,all descriptors,Raw,ECE,0.00543095810379407,0.005727503665366413,0.0005697646919597205,0.010911912505761012,0.987,1000
BCN20000,all descriptors,Raw,mean_net_benefit_0.02_0.50,-0.006408859701372782,-0.0064789033410257366,-0.009304808036385313,-0.0037730425046731374,0.0,1000
BCN20000,all descriptors,Platt,AUC,0.04190117155501971,0.0422089766783339,0.03391725895568023,0.050834236236091505,1.0,1000
BCN20000,all descriptors,Platt,PR-AUC,0.06869430155731815,0.06853363911276819,0.057662997841422224,0.07971528119648101,1.0,1000
BCN20000,all descriptors,Platt,Brier,0.011675552462125649,0.011714907534543304,0.010013960259936228,0.013659075745216001,1.0,1000
BCN20000,all descriptors,Platt,ECE,0.04537829368531818,0.04536356901833378,0.04372701825902818,0.04711138612214409,1.0,1000
BCN20000,all descriptors,Platt,mean_net_benefit_0.02_0.50,-0.013160362180045786,-0.013202193442360066,-0.01548639714505577,-0.011014132112096852,0.0,1000
BCN20000,all descriptors,Isotonic,AUC,0.04427747025693696,0.04458371365164552,0.036083099400880544,0.05293856742931313,1.0,1000
BCN20000,all descriptors,Isotonic,PR-AUC,0.08684316278048348,0.08677024172751592,0.07573518440658297,0.09793917009754731,1.0,1000
BCN20000,all descriptors,Isotonic,Brier,0.011640792711376413,0.011681441357715467,0.009877650894406438,0.013671979354205948,1.0,1000
BCN20000,all descriptors,Isotonic,ECE,0.04413796801665565,0.044108778857818894,0.04238333991968502,0.04597061484751386,1.0,1000
BCN20000,all descriptors,Isotonic,mean_net_benefit_0.02_0.50,-0.013620894673127944,-0.013668441936228553,-0.016018167584142783,-0.011453369613206655,0.0,1000
