dataset,model,range,threshold,NB,NB_ci_low,NB_ci_high
HAM test,ABC-only,0.02-0.20,0.02,0.09732396269766184,0.08133497769968916,0.11296188674145155
HAM test,ABC-only,0.02-0.20,0.0236734693877551,0.09453476267469932,0.07856340948858226,0.10993171221953973
HAM test,ABC-only,0.02-0.20,0.027346938775510206,0.09247150761603298,0.07661450589579054,0.10809431041622086
HAM test,ABC-only,0.02-0.20,0.031020408163265307,0.08918024738195797,0.07337484726925803,0.1046452462382209
HAM test,ABC-only,0.02-0.20,0.03469387755102041,0.08530165352897526,0.06938251683631323,0.10067635775590497
HAM test,ABC-only,0.02-0.20,0.03836734693877551,0.08412507448925668,0.06825447778814692,0.09954079481442338
HAM test,ABC-only,0.02-0.20,0.04204081632653062,0.08171288131671543,0.0661072963371586,0.09674743296359731
HAM test,ABC-only,0.02-0.20,0.04571428571428572,0.08042193758179006,0.06478010865685846,0.09556479755720346
HAM test,ABC-only,0.02-0.20,0.04938775510204082,0.07877126584186148,0.0631071730185766,0.09354788742006205
HAM test,ABC-only,0.02-0.20,0.053061224489795916,0.07648435715916876,0.0612083951815483,0.0916115979675725
HAM test,ABC-only,0.02-0.20,0.05673469387755102,0.07428795768008459,0.05937408478311329,0.08947991322812579
HAM test,ABC-only,0.02-0.20,0.060408163265306125,0.07226828384186512,0.05722826681089291,0.08720510814091977
HAM test,ABC-only,0.02-0.20,0.06408163265306123,0.07017094930439026,0.05527426547251497,0.08503182735824262
HAM test,ABC-only,0.02-0.20,0.06775510204081633,0.06786745688405377,0.05305605652915183,0.08272607601396412
HAM test,ABC-only,0.02-0.20,0.07142857142857144,0.0663779928680591,0.051450585838003056,0.0814060112073357
HAM test,ABC-only,0.02-0.20,0.07510204081632653,0.06484279560213464,0.0499132877024602,0.07959152867321709
HAM test,ABC-only,0.02-0.20,0.07877551020408163,0.061977600225347484,0.04733357149354327,0.07677409061433597
HAM test,ABC-only,0.02-0.20,0.08244897959183674,0.061018477056868796,0.04638890198204144,0.07584395842662203
HAM test,ABC-only,0.02-0.20,0.08612244897959184,0.06025868928004164,0.045812064278932474,0.07484022698165274
HAM test,ABC-only,0.02-0.20,0.08979591836734695,0.05848305764262168,0.04385635375523417,0.07341854007661924
HAM test,ABC-only,0.02-0.20,0.09346938775510205,0.057168031821475326,0.04284576633042212,0.07186790151802035
HAM test,ABC-only,0.02-0.20,0.09714285714285716,0.05568781959929582,0.04137322910554111,0.07009567021544136
HAM test,ABC-only,0.02-0.20,0.10081632653061226,0.05387355592764832,0.03944435342534112,0.06823993019753315
HAM test,ABC-only,0.02-0.20,0.10448979591836735,0.051761879176803686,0.03749260475589657,0.06590181228757537
HAM test,ABC-only,0.02-0.20,0.10816326530612246,0.05033264127782745,0.03614151272220286,0.06456070892751602
HAM test,ABC-only,0.02-0.20,0.11183673469387756,0.04835106641994545,0.0343372309602649,0.06275881379041683
HAM test,ABC-only,0.02-0.20,0.11551020408163266,0.04833245216477138,0.03407921960044862,0.06235728889391442
HAM test,ABC-only,0.02-0.20,0.11918367346938777,0.046260027373886785,0.03200789914625388,0.06040252195741702
HAM test,ABC-only,0.02-0.20,0.12285714285714287,0.04382509653342536,0.02962395107534999,0.05778663416528247
HAM test,ABC-only,0.02-0.20,0.12653061224489795,0.04370551463761837,0.029585164325060344,0.05754494955746735
HAM test,ABC-only,0.02-0.20,0.13020408163265307,0.04305164071216137,0.02890469760489277,0.056954885465580626
HAM test,ABC-only,0.02-0.20,0.13387755102040816,0.04155332655061138,0.027289683604746245,0.055412861788516385
HAM test,ABC-only,0.02-0.20,0.13755102040816328,0.03982505022519063,0.025819179911177405,0.05345579869806276
HAM test,ABC-only,0.02-0.20,0.14122448979591837,0.03725291466270491,0.02347781268098607,0.05089898144184524
HAM test,ABC-only,0.02-0.20,0.14489795918367349,0.035804264331663206,0.021870386761289096,0.04928732870758189
HAM test,ABC-only,0.02-0.20,0.14857142857142858,0.03583714831770301,0.02200486688297258,0.04942964131739187
HAM test,ABC-only,0.02-0.20,0.15224489795918367,0.03424641373351146,0.020625432440446772,0.04754453538757823
HAM test,ABC-only,0.02-0.20,0.15591836734693879,0.03269371181164897,0.019354336659536037,0.04613333738967809
HAM test,ABC-only,0.02-0.20,0.15959183673469388,0.032093313477577046,0.018637414806261632,0.045431090769324785
HAM test,ABC-only,0.02-0.20,0.16326530612244897,0.03193345178484897,0.018542238733645616,0.04555039573574543
HAM test,ABC-only,0.02-0.20,0.16693877551020408,0.03012417624135682,0.016871209736819052,0.04377698407805547
HAM test,ABC-only,0.02-0.20,0.17061224489795918,0.027535589508265117,0.014410752463889042,0.04117088504458466
HAM test,ABC-only,0.02-0.20,0.1742857142857143,0.026563395128210994,0.013354109855862875,0.039993411856367
HAM test,ABC-only,0.02-0.20,0.17795918367346938,0.025044555660048526,0.012119945152146896,0.038236023333355254
HAM test,ABC-only,0.02-0.20,0.1816326530612245,0.024552856269921222,0.011312695083483343,0.03772192036465129
HAM test,ABC-only,0.02-0.20,0.1853061224489796,0.02380920781961273,0.010382287754316582,0.03690594765690319
HAM test,ABC-only,0.02-0.20,0.18897959183673468,0.02360875492022651,0.010214615197458978,0.03671928795448562
HAM test,ABC-only,0.02-0.20,0.1926530612244898,0.021607885415062374,0.00873842398837544,0.03508651457422374
HAM test,ABC-only,0.02-0.20,0.1963265306122449,0.020482377513714227,0.007427619829207011,0.03363697745519122
HAM test,ABC-only,0.02-0.20,0.2,0.020860927152317882,0.007781456953642386,0.03394453642384104
HAM test,ABC-only,0.02-0.50,0.02,0.09732396269766184,0.08199756723881606,0.11394884443843763
HAM test,ABC-only,0.02-0.50,0.02979591836734694,0.09026793749146762,0.07492322254943205,0.10636609254806688
HAM test,ABC-only,0.02-0.50,0.03959183673469388,0.08377722676138394,0.06874084935956072,0.09957837395124723
HAM test,ABC-only,0.02-0.50,0.04938775510204081,0.07877126584186148,0.06385615859917709,0.0949599848156984
HAM test,ABC-only,0.02-0.50,0.05918367346938776,0.07302581488557842,0.058451932884170596,0.08843063596270702
HAM test,ABC-only,0.02-0.50,0.06897959183673469,0.06766667344112465,0.05302215828424271,0.0834625803136187
HAM test,ABC-only,0.02-0.50,0.07877551020408163,0.061977600225347484,0.047559659866141246,0.07732406464655948
HAM test,ABC-only,0.02-0.50,0.08857142857142856,0.059330689862774816,0.04540840582117129,0.07463539828520417
HAM test,ABC-only,0.02-0.50,0.09836734693877551,0.05554249772903744,0.04093277351233216,0.0713810974969945
HAM test,ABC-only,0.02-0.50,0.10816326530612246,0.05033264127782745,0.03644202645975722,0.06594878536681467
HAM test,ABC-only,0.02-0.50,0.11795918367346939,0.04647744023339698,0.03264863887518349,0.06201333237310419
HAM test,ABC-only,0.02-0.50,0.1277551020408163,0.043517402312457584,0.02992922708383047,0.058669345216882
HAM test,ABC-only,0.02-0.50,0.13755102040816325,0.03982505022519064,0.026271190956018087,0.05465654902009947
HAM test,ABC-only,0.02-0.50,0.1473469387755102,0.03585796302930202,0.02231081128205454,0.05004520683872316
HAM test,ABC-only,0.02-0.50,0.1571428571428571,0.032708497025479864,0.019817038949377037,0.04703109215400158
HAM test,ABC-only,0.02-0.50,0.16693877551020406,0.030124176241356826,0.017009224798907183,0.04403538714628267
HAM test,ABC-only,0.02-0.50,0.176734693877551,0.025377667311297675,0.012274803245262943,0.03957402640469913
HAM test,ABC-only,0.02-0.50,0.18653061224489795,0.023638031122172637,0.010776160269552708,0.037395885599598576
HAM test,ABC-only,0.02-0.50,0.1963265306122449,0.020482377513714227,0.00782787174718064,0.03443262959985737
HAM test,ABC-only,0.02-0.50,0.2061224489795918,0.020398712950509885,0.007592272595720057,0.034357071111186785
HAM test,ABC-only,0.02-0.50,0.21591836734693876,0.019846175591493126,0.007061719372153719,0.0338035429256975
HAM test,ABC-only,0.02-0.50,0.2257142857142857,0.017101243860120727,0.004378436499596781,0.03065070501698394
HAM test,ABC-only,0.02-0.50,0.23551020408163262,0.01676596316424054,0.004230207585663122,0.030266553639555483
HAM test,ABC-only,0.02-0.50,0.24530612244897956,0.016816679142833614,0.004548010558777078,0.030164936120831362
HAM test,ABC-only,0.02-0.50,0.25510204081632654,0.016256917354622154,0.004052889413045458,0.02992062052072938
HAM test,ABC-only,0.02-0.50,0.2648979591836735,0.014957841670006723,0.002874911289166056,0.028341226912201083
HAM test,ABC-only,0.02-0.50,0.2746938775510204,0.014464813455224414,0.002504285815441606,0.027661416853317022
HAM test,ABC-only,0.02-0.50,0.28448979591836737,0.012398046112057665,0.0004933831501720692,0.025491588686187908
HAM test,ABC-only,0.02-0.50,0.29428571428571426,0.010898999919564584,-0.0006420757701691844,0.023815588385124802
HAM test,ABC-only,0.02-0.50,0.3040816326530612,0.008321842652113963,-0.0030141189722475703,0.021067905070789067
HAM test,ABC-only,0.02-0.50,0.31387755102040815,0.007790616591354091,-0.003432598855143777,0.02009171456599076
HAM test,ABC-only,0.02-0.50,0.3236734693877551,0.009365845080273529,-0.0018385177073383205,0.021633227687474763
HAM test,ABC-only,0.02-0.50,0.33346938775510204,0.0072657076927444345,-0.0036640806543841234,0.018866375622001472
HAM test,ABC-only,0.02-0.50,0.343265306122449,0.006655032330557829,-0.0043479866973439914,0.01794410785358846
HAM test,ABC-only,0.02-0.50,0.35306122448979593,0.006307059143042176,-0.004532820105709572,0.016789019575072582
HAM test,ABC-only,0.02-0.50,0.3628571428571429,0.006049357051643743,-0.004438867935734867,0.016454206634395497
HAM test,ABC-only,0.02-0.50,0.3726530612244898,0.005824539935455234,-0.005145053363609344,0.016547706248087983
HAM test,ABC-only,0.02-0.50,0.3824489795918367,0.0030486336956093603,-0.007111228076318696,0.013394138219317783
HAM test,ABC-only,0.02-0.50,0.39224489795918366,0.0010376313717815853,-0.008854947317858557,0.01063596618024452
HAM test,ABC-only,0.02-0.50,0.4020408163265306,-0.00020342201026150517,-0.009965700788825346,0.009753237800329996
HAM test,ABC-only,0.02-0.50,0.41183673469387755,0.0006553579881520832,-0.009016250672132579,0.010460244219659812
HAM test,ABC-only,0.02-0.50,0.4216326530612245,0.0004879257081699534,-0.009155150093238678,0.01054725728733869
HAM test,ABC-only,0.02-0.50,0.43142857142857144,-0.0012612732536856491,-0.011401377749675532,0.00872308562680952
HAM test,ABC-only,0.02-0.50,0.4412244897959184,-0.0019562788132682536,-0.011960680924346575,0.007912286727393206
HAM test,ABC-only,0.02-0.50,0.4510204081632653,-0.0020138358896083057,-0.011664491986508773,0.007754991506437877
HAM test,ABC-only,0.02-0.50,0.4608163265306122,-0.003819602849537026,-0.0132742228193572,0.0052499987466849704
HAM test,ABC-only,0.02-0.50,0.47061224489795916,-0.004196132695420405,-0.013470004646484242,0.004710092572263034
HAM test,ABC-only,0.02-0.50,0.4804081632653061,-0.0070111277006393614,-0.016346847151485516,0.0012485498613589423
HAM test,ABC-only,0.02-0.50,0.49020408163265305,-0.007845746796112387,-0.016812496354699655,0.0005357398501582658
HAM test,ABC-only,0.02-0.50,0.5,-0.006622516556291392,-0.015231788079470197,0.0013245033112582773
HAM test,Deep,0.02-0.20,0.02,0.08320043249087714,0.06935971077172591,0.09729760778483579
HAM test,Deep,0.02-0.20,0.0236734693877551,0.08009147489423908,0.06639214046822743,0.09398012691310992
HAM test,Deep,0.02-0.20,0.027346938775510206,0.07899358869253237,0.06523479641945013,0.09312710340630236
HAM test,Deep,0.02-0.20,0.031020408163265307,0.07850388033720716,0.0647868743618784,0.09262489050809822
HAM test,Deep,0.02-0.20,0.03469387755102041,0.0779454797474203,0.06425181664169806,0.09209305825854415
HAM test,Deep,0.02-0.20,0.03836734693877551,0.07747220004722338,0.06377563554795983,0.09159387332891082
HAM test,Deep,0.02-0.20,0.04204081632653062,0.07578337288408196,0.062333597632034124,0.08978478232039211
HAM test,Deep,0.02-0.20,0.04571428571428572,0.07536185906333029,0.061921917753896175,0.08936838244041716
HAM test,Deep,0.02-0.20,0.04938775510204082,0.07423161462583776,0.06069871246221697,0.08849386087881277
HAM test,Deep,0.02-0.20,0.053061224489795916,0.07311315368805664,0.05963975793560174,0.08717708095455583
HAM test,Deep,0.02-0.20,0.05673469387755102,0.07196678138817805,0.05853674192818109,0.08583485690378008
HAM test,Deep,0.02-0.20,0.060408163265306125,0.07153180936818546,0.05813545376608881,0.08543909413639737
HAM test,Deep,0.02-0.20,0.06408163265306123,0.07101833105651234,0.05760938127268999,0.08492606348720406
HAM test,Deep,0.02-0.20,0.06775510204081633,0.06989190568423007,0.05633285394509458,0.08375105832685772
HAM test,Deep,0.02-0.20,0.07142857142857144,0.06943453897096281,0.05588385124808965,0.08329088130412633
HAM test,Deep,0.02-0.20,0.07510204081632653,0.06914538557308442,0.055577205216181626,0.08310644540953806
HAM test,Deep,0.02-0.20,0.07877551020408163,0.06865381286182502,0.055063987828888494,0.08261772792225512
HAM test,Deep,0.02-0.20,0.08244897959183674,0.06816360679691735,0.05455367243289104,0.08207237927458697
HAM test,Deep,0.02-0.20,0.08612244897959184,0.0672621706118803,0.05382895480184211,0.08125707284176652
HAM test,Deep,0.02-0.20,0.08979591836734695,0.06691711460220355,0.05346412556053812,0.08095670121462298
HAM test,Deep,0.02-0.20,0.09346938775510205,0.06651708108333756,0.0530848746611961,0.0806309206818717
HAM test,Deep,0.02-0.20,0.09714285714285716,0.06612457037471708,0.05263538435744824,0.0801743649928745
HAM test,Deep,0.02-0.20,0.10081632653061226,0.06573967467601374,0.052178493805857755,0.07972121099163393
HAM test,Deep,0.02-0.20,0.10448979591836735,0.06528521494503373,0.051730819151569296,0.07926977246795898
HAM test,Deep,0.02-0.20,0.10816326530612246,0.06491278585175869,0.051346477336445054,0.07890239744192036
HAM test,Deep,0.02-0.20,0.11183673469387756,0.06446484222828204,0.050967553929684446,0.07846697567686015
HAM test,Deep,0.02-0.20,0.11551020408163266,0.06335642708050009,0.04971098689860245,0.0775525950668822
HAM test,Deep,0.02-0.20,0.11918367346938777,0.06233942392084896,0.04921537909150612,0.07637266846295013
HAM test,Deep,0.02-0.20,0.12285714285714287,0.060482774985439094,0.046693811074918566,0.07419294820631188
HAM test,Deep,0.02-0.20,0.12653061224489795,0.05994615337005632,0.04615267376369376,0.07368300117596087
HAM test,Deep,0.02-0.20,0.13020408163265307,0.05827876723610158,0.04477206547310127,0.0718530071694724
HAM test,Deep,0.02-0.20,0.13387755102040816,0.05784184606550112,0.04428243066955453,0.07138924605676264
HAM test,Deep,0.02-0.20,0.13755102040816328,0.05730122264255022,0.043710301727245084,0.07088410439317626
HAM test,Deep,0.02-0.20,0.14122448979591837,0.0568648805177146,0.0433184662453101,0.0704112947901191
HAM test,Deep,0.02-0.20,0.14489795918367349,0.056318260127392564,0.04275731400844015,0.06993314261328612
HAM test,Deep,0.02-0.20,0.14857142857142858,0.055882483665940716,0.04228943508600382,0.0694577536779412
HAM test,Deep,0.02-0.20,0.15224489795918367,0.055448669916812014,0.04180967359315365,0.06923871350362054
HAM test,Deep,0.02-0.20,0.15591836734693879,0.055139175323760364,0.041474758860978386,0.06889593234016933
HAM test,Deep,0.02-0.20,0.15959183673469388,0.054838554046360836,0.041303098334239285,0.0687219009420763
HAM test,Deep,0.02-0.20,0.16326530612244897,0.05428848328218382,0.040699806170247134,0.06813317719269905
HAM test,Deep,0.02-0.20,0.16693877551020408,0.05373356133047364,0.04008334928664367,0.06763971043930549
HAM test,Deep,0.02-0.20,0.17061224489795918,0.05264770297752516,0.039376955467487096,0.06643765969651146
HAM test,Deep,0.02-0.20,0.1742857142857143,0.052505786108755934,0.03898697266206833,0.06614037901876761
HAM test,Deep,0.02-0.20,0.17795918367346938,0.05209362278619203,0.038573955819199375,0.06582419750488303
HAM test,Deep,0.02-0.20,0.1816326530612245,0.05227163878383512,0.03872760152598636,0.06610472989711152
HAM test,Deep,0.02-0.20,0.1853061224489796,0.05187859162032675,0.03833073431631475,0.06572952195782293
HAM test,Deep,0.02-0.20,0.18897959183673468,0.05133366884750881,0.03777936554491613,0.06522258921399693
HAM test,Deep,0.02-0.20,0.1926530612244898,0.05078378722235988,0.037259255787168793,0.0647285705676347
HAM test,Deep,0.02-0.20,0.1963265306122449,0.05039065784561364,0.03680579613142785,0.06428533830666724
HAM test,Deep,0.02-0.20,0.2,0.05,0.03658526490066225,0.06391142384105958
HAM test,Deep,0.02-0.50,0.02,0.08320043249087714,0.06906237329368833,0.09820279767536153
HAM test,Deep,0.02-0.50,0.02979591836734694,0.0786641851964327,0.06439052369980525,0.09325456847771273
HAM test,Deep,0.02-0.50,0.03959183673469388,0.07672071443247032,0.06270167293830899,0.091181730804412
HAM test,Deep,0.02-0.50,0.04938775510204081,0.07423161462583777,0.06001359904913288,0.0883453376516653
HAM test,Deep,0.02-0.50,0.05918367346938776,0.07171711367456293,0.057848579965810006,0.08579197253307666
HAM test,Deep,0.02-0.50,0.06897959183673469,0.06975504527757374,0.05626373642326039,0.08393417694690662
HAM test,Deep,0.02-0.50,0.07877551020408163,0.06865381286182502,0.055118549501624085,0.08284892915931888
HAM test,Deep,0.02-0.50,0.08857142857142856,0.06703066287446284,0.053673991571342575,0.0811960493263302
HAM test,Deep,0.02-0.50,0.09836734693877551,0.06601950479525362,0.05235265725104105,0.08021910666478792
HAM test,Deep,0.02-0.50,0.10816326530612246,0.06491278585175869,0.05141925682331368,0.07930300665282555
HAM test,Deep,0.02-0.50,0.11795918367346939,0.062427254980677936,0.04838901385488077,0.07647336436712215
HAM test,Deep,0.02-0.50,0.1277551020408163,0.05910402340348388,0.045388309724283905,0.072869103806475
HAM test,Deep,0.02-0.50,0.13755102040816325,0.05730122264255022,0.04342245888742975,0.07105480735779454
HAM test,Deep,0.02-0.50,0.1473469387755102,0.056065673553365315,0.042108957674859476,0.06997459889233734
HAM test,Deep,0.02-0.50,0.1571428571428571,0.0552026041082052,0.04102564822090021,0.06906611291951958
HAM test,Deep,0.02-0.50,0.16693877551020406,0.05373356133047364,0.039418501838145825,0.06764087854609642
HAM test,Deep,0.02-0.50,0.176734693877551,0.05227815226206386,0.03813029645365387,0.0662363699941228
HAM test,Deep,0.02-0.50,0.18653061224489795,0.051697497532755377,0.03756910777123907,0.06570181064188235
HAM test,Deep,0.02-0.50,0.1963265306122449,0.05039065784561364,0.03633635085547846,0.06444496483574881
HAM test,Deep,0.02-0.50,0.2061224489795918,0.04926539437171215,0.0352304261223378,0.06344724118558369
HAM test,Deep,0.02-0.50,0.21591836734693876,0.04731600194435155,0.03310664458012005,0.061493384378307384
HAM test,Deep,0.02-0.50,0.2257142857142857,0.04601304953446885,0.0316927738813812,0.06036161139757092
HAM test,Deep,0.02-0.50,0.23551020408163262,0.044031426015564507,0.029612513833740542,0.05855636741000555
HAM test,Deep,0.02-0.50,0.24530612244897956,0.042694995325914496,0.028174886013202054,0.05731563329381552
HAM test,Deep,0.02-0.50,0.25510204081632654,0.04090537966070943,0.02643563458223714,0.055340197768302644
HAM test,Deep,0.02-0.50,0.2648979591836735,0.03912101812458862,0.0247590007023324,0.05390529911638493
HAM test,Deep,0.02-0.50,0.2746938775510204,0.03800437525854648,0.023183037860520932,0.052825712656572016
HAM test,Deep,0.02-0.50,0.28448979591836737,0.036231172294987214,0.02142192381650377,0.050897855332202493
HAM test,Deep,0.02-0.50,0.29428571428571426,0.034849987934686445,0.019834034908973914,0.04964206236426523
HAM test,Deep,0.02-0.50,0.3040816326530612,0.03278631217105902,0.01776509487094833,0.047806412771163896
HAM test,Deep,0.02-0.50,0.31387755102040815,0.03257561133194921,0.017578388770481148,0.04777462169711342
HAM test,Deep,0.02-0.50,0.3236734693877551,0.030524725527263423,0.015427605942279802,0.04598903108226388
HAM test,Deep,0.02-0.50,0.33346938775510204,0.0291147402700105,0.013868312089641215,0.04467993535645199
HAM test,Deep,0.02-0.50,0.343265306122449,0.027682448478961466,0.012269631913203462,0.04338132153984828
HAM test,Deep,0.02-0.50,0.35306122448979593,0.024902333549209267,0.009245513610629448,0.04043861115173292
HAM test,Deep,0.02-0.50,0.3628571428571429,0.023137231609895163,0.007756288420990105,0.039189112939150055
HAM test,Deep,0.02-0.50,0.3726530612244898,0.021254529551418218,0.0057522502337485435,0.03750231594186663
HAM test,Deep,0.02-0.50,0.3824489795918367,0.019312098676809823,0.0036012614734114573,0.03553112539010691
HAM test,Deep,0.02-0.50,0.39224489795918366,0.01816188472640423,0.0022854687131680968,0.03467862559431414
HAM test,Deep,0.02-0.50,0.4020408163265306,0.016126844924620853,3.3903668376979463e-06,0.0326990145333725
HAM test,Deep,0.02-0.50,0.41183673469387755,0.013361765881860922,-0.0030689343768813934,0.03031516698760519
HAM test,Deep,0.02-0.50,0.4216326530612245,0.011187706515490711,-0.0055218444900381886,0.028186566152724475
HAM test,Deep,0.02-0.50,0.43142857142857144,0.009441245964923954,-0.007299244567206903,0.026440896535658384
HAM test,Deep,0.02-0.50,0.4412244897959184,0.00765677078546239,-0.009632399537536467,0.024878107479235086
HAM test,Deep,0.02-0.50,0.4510204081632653,0.006920406706221238,-0.010773837366749547,0.024401080775006776
HAM test,Deep,0.02-0.50,0.4608163265306122,0.004531485779887816,-0.013435862857257449,0.022185756325480897
HAM test,Deep,0.02-0.50,0.47061224489795916,0.002054154518578294,-0.016268847620846877,0.019863758444091557
HAM test,Deep,0.02-0.50,0.4804081632653061,0.0007080318172123096,-0.01771212341915379,0.018689035651300836
HAM test,Deep,0.02-0.50,0.49020408163265305,-0.0019125233962004051,-0.020737967857729894,0.016325749341194806
HAM test,Deep,0.02-0.50,0.5,-0.004635761589403972,-0.023841059602649005,0.013907284768211924
HAM test,Hybrid,0.02-0.20,0.02,0.07790241924584403,0.06496823895120962,0.0914738478172726
HAM test,Hybrid,0.02-0.20,0.0236734693877551,0.0757729960796474,0.0625576701588075,0.08909831889964341
HAM test,Hybrid,0.02-0.20,0.027346938775510206,0.07545639227085899,0.06220996267713077,0.08879452412646978
HAM test,Hybrid,0.02-0.20,0.031020408163265307,0.07323822648225534,0.06046463620792582,0.08655546845796343
HAM test,Hybrid,0.02-0.20,0.03469387755102041,0.07164078798146256,0.05919255701944751,0.08493699508561667
HAM test,Hybrid,0.02-0.20,0.03836734693877551,0.0700238365621381,0.057596330068923646,0.08321998785684569
HAM test,Hybrid,0.02-0.20,0.04204081632653062,0.06987079461733593,0.05736842439411169,0.08311582772991871
HAM test,Hybrid,0.02-0.20,0.04571428571428572,0.06701828131815839,0.05456081215053337,0.08016893365586707
HAM test,Hybrid,0.02-0.20,0.04938775510204082,0.0661816599796974,0.053769190085276634,0.07953098564315754
HAM test,Hybrid,0.02-0.20,0.053061224489795916,0.0659996574560402,0.05360149292075817,0.0793198361498059
HAM test,Hybrid,0.02-0.20,0.05673469387755102,0.06443785981814586,0.0524511979848751,0.07756376787090821
HAM test,Hybrid,0.02-0.20,0.060408163265306125,0.06081783188819397,0.04917576711296252,0.07344319077565722
HAM test,Hybrid,0.02-0.20,0.06408163265306123,0.06051183706240993,0.04880012014683329,0.07316739977414706
HAM test,Hybrid,0.02-0.20,0.06775510204081633,0.05973892671158998,0.04777026478468122,0.07219011319748088
HAM test,Hybrid,0.02-0.20,0.07142857142857144,0.05888945491594498,0.04727457972491085,0.07147350993377483
HAM test,Hybrid,0.02-0.20,0.07510204081632653,0.058770304472098335,0.04713468024292303,0.07140954975070578
HAM test,Hybrid,0.02-0.20,0.07877551020408163,0.05723356621196161,0.04563550631295719,0.06985794745999933
HAM test,Hybrid,0.02-0.20,0.08244897959183674,0.0556462256369164,0.04403817374089698,0.06811166953406707
HAM test,Hybrid,0.02-0.20,0.08612244897959184,0.05551141859096273,0.04390293680066491,0.06803430457660556
HAM test,Hybrid,0.02-0.20,0.08979591836734695,0.055195557271404384,0.04360169869034538,0.06771486057078371
HAM test,Hybrid,0.02-0.20,0.09346938775510205,0.054945418655757354,0.04343287732093711,0.06744105035915447
HAM test,Hybrid,0.02-0.20,0.09714285714285716,0.05403638192639785,0.042543381674909876,0.06633466761673233
HAM test,Hybrid,0.02-0.20,0.10081632653061226,0.05269124282660911,0.041438826645182815,0.06513168376656756
HAM test,Hybrid,0.02-0.20,0.10448979591836735,0.052537625190918036,0.04120207429050934,0.06493348808007388
HAM test,Hybrid,0.02-0.20,0.10816326530612246,0.05239365329534605,0.04105304832770092,0.0647783654356161
HAM test,Hybrid,0.02-0.20,0.11183673469387756,0.05168058531359564,0.04034378652123101,0.06435395464063107
HAM test,Hybrid,0.02-0.20,0.11551020408163266,0.05147287579801783,0.04012668962798388,0.06423243596756892
HAM test,Hybrid,0.02-0.20,0.11918367346938777,0.05135856722867015,0.04000980488433612,0.06417557647809782
HAM test,Hybrid,0.02-0.20,0.12285714285714287,0.05106887848652846,0.039717518389887185,0.06386441098431736
HAM test,Hybrid,0.02-0.20,0.12653061224489795,0.05077675311010707,0.03942254131336263,0.06355356811289223
HAM test,Hybrid,0.02-0.20,0.13020408163265307,0.05048216022698668,0.03912474633368658,0.0632648991083998
HAM test,Hybrid,0.02-0.20,0.13387755102040816,0.05028743344714158,0.03897973609802074,0.06308238822552757
HAM test,Hybrid,0.02-0.20,0.13755102040816328,0.04954005948668445,0.03831030235408054,0.06206651194278246
HAM test,Hybrid,0.02-0.20,0.14122448979591837,0.04869438219222925,0.037444917281494725,0.06136888424445395
HAM test,Hybrid,0.02-0.20,0.14489795918367349,0.04851507057168598,0.03724572855584884,0.06122141174983009
HAM test,Hybrid,0.02-0.20,0.14857142857142858,0.048224365527356775,0.036934974887772795,0.06095459798213254
HAM test,Hybrid,0.02-0.20,0.15224489795918367,0.04805007221954743,0.036939461525952795,0.06077061286177528
HAM test,Hybrid,0.02-0.20,0.15591836734693879,0.04775769531300037,0.03657747511752725,0.060486473157672235
HAM test,Hybrid,0.02-0.20,0.15959183673469388,0.047840043228082815,0.03657945733317466,0.060607444622059824
HAM test,Hybrid,0.02-0.20,0.16326530612244897,0.04622839605879503,0.03498586658052011,0.058924648683572924
HAM test,Hybrid,0.02-0.20,0.16693877551020408,0.04461421650859369,0.0337444555486695,0.05693157814472194
HAM test,Hybrid,0.02-0.20,0.17061224489795918,0.043659722584345834,0.032788773661156595,0.055933181675966
HAM test,Hybrid,0.02-0.20,0.1742857142857143,0.04336488003849767,0.03248762574761108,0.0556390499323999
HAM test,Hybrid,0.02-0.20,0.17795918367346938,0.04269188527986216,0.03188358641825105,0.05504251695088027
HAM test,Hybrid,0.02-0.20,0.1816326530612245,0.042545952998298955,0.03172685009330977,0.05490582319036845
HAM test,Hybrid,0.02-0.20,0.1853061224489796,0.041893057638455716,0.030899597207660355,0.05402730958605954
HAM test,Hybrid,0.02-0.20,0.18897959183673468,0.040943616953909016,0.029974636461503085,0.05310844995783854
HAM test,Hybrid,0.02-0.20,0.1926530612244898,0.04096987391103463,0.030056281346466762,0.05296029503344738
HAM test,Hybrid,0.02-0.20,0.1963265306122449,0.04002266925423535,0.028923639256152482,0.05210750910638068
HAM test,Hybrid,0.02-0.20,0.2,0.039735099337748346,0.02863824503311258,0.051825331125827795
HAM test,Hybrid,0.02-0.50,0.02,0.07790241924584403,0.06449452628733612,0.09216380591971886
HAM test,Hybrid,0.02-0.50,0.02979591836734694,0.0733026492852307,0.060443314378689814,0.08721913508875064
HAM test,Hybrid,0.02-0.50,0.03959183673469388,0.06991328528045078,0.05738237504327292,0.083378088561031
HAM test,Hybrid,0.02-0.50,0.04938775510204081,0.0661816599796974,0.05409720227821394,0.07963463840604641
HAM test,Hybrid,0.02-0.50,0.05918367346938776,0.06292109005760584,0.05116626682564537,0.07642014193159125
HAM test,Hybrid,0.02-0.50,0.06897959183673469,0.059061756926641326,0.04728752638409436,0.07219407515583667
HAM test,Hybrid,0.02-0.50,0.07877551020408163,0.05723356621196161,0.045632674798346276,0.07019816200958312
HAM test,Hybrid,0.02-0.50,0.08857142857142856,0.05530112728103136,0.043525244451825866,0.06794894018974859
HAM test,Hybrid,0.02-0.50,0.09836734693877551,0.053930788855944524,0.04210619410658984,0.06641793505796575
HAM test,Hybrid,0.02-0.50,0.10816326530612246,0.05239365329534605,0.04103482504129601,0.06486171518632455
HAM test,Hybrid,0.02-0.50,0.11795918367346939,0.051454593930330264,0.040154024841332354,0.06408859186481608
HAM test,Hybrid,0.02-0.50,0.1277551020408163,0.05067883118935687,0.03943561407803848,0.06336145397862322
HAM test,Hybrid,0.02-0.50,0.13755102040816325,0.049540059486684454,0.03817544654190552,0.06228600621193933
HAM test,Hybrid,0.02-0.50,0.1473469387755102,0.04832154552861251,0.03710222895710423,0.06086475515075814
HAM test,Hybrid,0.02-0.50,0.1571428571428571,0.047906611291951964,0.03684841171848693,0.0605699292849927
HAM test,Hybrid,0.02-0.50,0.16693877551020406,0.04461421650859369,0.033347591266454896,0.05666365987326041
HAM test,Hybrid,0.02-0.50,0.176734693877551,0.04264677394464929,0.03153057455338234,0.05480313855407841
HAM test,Hybrid,0.02-0.50,0.18653061224489795,0.04179761615987081,0.030592794981109377,0.054024283668335844
HAM test,Hybrid,0.02-0.50,0.1963265306122449,0.04002266925423535,0.028632882526848265,0.052090978040421225
HAM test,Hybrid,0.02-0.50,0.2061224489795918,0.03924990210933112,0.02784440490985546,0.05136855411225932
HAM test,Hybrid,0.02-0.50,0.21591836734693876,0.03834268161932768,0.026738488163242792,0.05058122838891167
HAM test,Hybrid,0.02-0.50,0.2257142857142857,0.0362381173480609,0.02489473619901762,0.0482969013464969
HAM test,Hybrid,0.02-0.50,0.23551020408163262,0.03518384289820842,0.023771678753142428,0.047054244173917965
HAM test,Hybrid,0.02-0.50,0.24530612244897956,0.03392204126805612,0.022660029226465716,0.04586195688379971
HAM test,Hybrid,0.02-0.50,0.25510204081632654,0.033375669055611,0.022062505669962804,0.04550530708518552
HAM test,Hybrid,0.02-0.50,0.2648979591836735,0.033071031178410815,0.021596666311210475,0.045076971586793205
HAM test,Hybrid,0.02-0.50,0.2746938775510204,0.03080718675347617,0.019598605432923265,0.042799140600834056
HAM test,Hybrid,0.02-0.50,0.28448979591836737,0.029633211561637004,0.018653915898195334,0.041416568758193106
HAM test,Hybrid,0.02-0.50,0.29428571428571426,0.02912566694372202,0.018032214387216132,0.041102501541678965
HAM test,Hybrid,0.02-0.50,0.3040816326530612,0.028911848672583562,0.017734992522965183,0.041083733079567294
HAM test,Hybrid,0.02-0.50,0.31387755102040815,0.028729745381769763,0.01739103970752194,0.04097591507735462
HAM test,Hybrid,0.02-0.50,0.3236734693877551,0.027946859999920068,0.01648373147034256,0.04036009184395321
HAM test,Hybrid,0.02-0.50,0.33346938775510204,0.027472291277176455,0.015882674393611886,0.0397359813936889
HAM test,Hybrid,0.02-0.50,0.343265306122449,0.027349470486789953,0.01577433846863051,0.039738587580620585
HAM test,Hybrid,0.02-0.50,0.35306122448979593,0.026540205151774708,0.014979578833016483,0.039064491194351014
HAM test,Hybrid,0.02-0.50,0.3628571428571429,0.02608321206901672,0.014371009414070615,0.03857831200071272
HAM test,Hybrid,0.02-0.50,0.3726530612244898,0.025632629143381574,0.01377007329148121,0.038425310336210126
HAM test,Hybrid,0.02-0.50,0.3824489795918367,0.02477862936230375,0.012849892542774981,0.03774134104865996
HAM test,Hybrid,0.02-0.50,0.39224489795918366,0.0245170989018809,0.012826589248306567,0.037252322773184354
HAM test,Hybrid,0.02-0.50,0.4020408163265306,0.02366024003797211,0.011885156973984592,0.03648288994869245
HAM test,Hybrid,0.02-0.50,0.41183673469387755,0.022576301409525212,0.01078763597759098,0.03549089806104112
HAM test,Hybrid,0.02-0.50,0.4216326530612245,0.0219832964896456,0.010116992339940272,0.03481687596685469
HAM test,Hybrid,0.02-0.50,0.43142857142857144,0.02159805650770408,0.009949831941162769,0.03454690671902559
HAM test,Hybrid,0.02-0.50,0.4412244897959184,0.020560277478122474,0.008741927447404445,0.03366689805968488
HAM test,Hybrid,0.02-0.50,0.4510204081632653,0.02019498264359044,0.008319444102513606,0.03332245993254388
HAM test,Hybrid,0.02-0.50,0.4608163265306122,0.019840478064480548,0.007928784134034528,0.033158704774127565
HAM test,Hybrid,0.02-0.50,0.47061224489795916,0.018835111081609627,0.006765178940703715,0.03222904869617609
HAM test,Hybrid,0.02-0.50,0.4804081632653061,0.01722946785764451,0.004845205828646935,0.030424884118965996
HAM test,Hybrid,0.02-0.50,0.49020408163265305,0.016249821048892096,0.0037682066182747487,0.029470675878451102
HAM test,Hybrid,0.02-0.50,0.5,0.015231788079470197,0.002649006622516558,0.02847682119205298
BCN20000,ABC-only,0.02-0.20,0.02,0.19377972731024254,0.18620751450503667,0.2011460170953099
BCN20000,ABC-only,0.02-0.20,0.0236734693877551,0.18630955732836998,0.17888982906312215,0.19357187227114092
BCN20000,ABC-only,0.02-0.20,0.027346938775510206,0.18040428355758092,0.17313370720305646,0.18755801646771644
BCN20000,ABC-only,0.02-0.20,0.031020408163265307,0.17409099938775224,0.16678626288674311,0.18117723449564488
BCN20000,ABC-only,0.02-0.20,0.03469387755102041,0.16852685813771248,0.1612948617089531,0.17558386071071572
BCN20000,ABC-only,0.02-0.20,0.03836734693877551,0.16268823541560637,0.1554112993155623,0.16971273373374782
BCN20000,ABC-only,0.02-0.20,0.04204081632653062,0.15756005213413607,0.15025478137380263,0.16435972725516848
BCN20000,ABC-only,0.02-0.20,0.04571428571428572,0.15299249241788718,0.14594647006639264,0.15990107917573376
BCN20000,ABC-only,0.02-0.20,0.04938775510204082,0.14763241642294084,0.14053607267163398,0.15447622105068104
BCN20000,ABC-only,0.02-0.20,0.053061224489795916,0.14269418601744,0.13577565372232117,0.14946790003250207
BCN20000,ABC-only,0.02-0.20,0.05673469387755102,0.13818743578630505,0.13138687933530133,0.14484309713825447
BCN20000,ABC-only,0.02-0.20,0.060408163265306125,0.13419677235050304,0.12734744858095928,0.1407412463027642
BCN20000,ABC-only,0.02-0.20,0.06408163265306123,0.1303451086285361,0.12346104289254871,0.13688456304813026
BCN20000,ABC-only,0.02-0.20,0.06775510204081633,0.12642880613694785,0.11968883993011677,0.13317289384907047
BCN20000,ABC-only,0.02-0.20,0.07142857142857144,0.1225328284862644,0.1159065557820895,0.1291516648179018
BCN20000,ABC-only,0.02-0.20,0.07510204081632653,0.1185010959597421,0.11190610746115116,0.12503558393959469
BCN20000,ABC-only,0.02-0.20,0.07877551020408163,0.11486610522127227,0.10846218256825592,0.12137393940157566
BCN20000,ABC-only,0.02-0.20,0.08244897959183674,0.11047918423257905,0.10418618925801872,0.11673549685168201
BCN20000,ABC-only,0.02-0.20,0.08612244897959184,0.10749337946821803,0.10130060018982677,0.1137256097435921
BCN20000,ABC-only,0.02-0.20,0.08979591836734695,0.10349810465593898,0.09751288700295763,0.10967331731993689
BCN20000,ABC-only,0.02-0.20,0.09346938775510205,0.10020057474856156,0.09430551088525259,0.10617418438999096
BCN20000,ABC-only,0.02-0.20,0.09714285714285716,0.09713173306466169,0.09128484887729993,0.1031127278771643
BCN20000,ABC-only,0.02-0.20,0.10081632653061226,0.09319092385499672,0.08732407698297352,0.0992195256835967
BCN20000,ABC-only,0.02-0.20,0.10448979591836735,0.09044815177078225,0.08477798366328829,0.09639888335669496
BCN20000,ABC-only,0.02-0.20,0.10816326530612246,0.08780655697752467,0.08210549543818109,0.09366640329277584
BCN20000,ABC-only,0.02-0.20,0.11183673469387756,0.08413395467749654,0.07837257421950897,0.08991198224939699
BCN20000,ABC-only,0.02-0.20,0.11551020408163266,0.08230385467161551,0.07663914169802258,0.08811511414321387
BCN20000,ABC-only,0.02-0.20,0.11918367346938777,0.07956679695499957,0.07390072905569194,0.08521206951634534
BCN20000,ABC-only,0.02-0.20,0.12285714285714287,0.07685491017481672,0.07136319598739474,0.08249495314752239
BCN20000,ABC-only,0.02-0.20,0.12653061224489795,0.07373901795750762,0.06827663528814756,0.07940349881907045
BCN20000,ABC-only,0.02-0.20,0.13020408163265307,0.07154349882880767,0.06624561381754789,0.0772086041703376
BCN20000,ABC-only,0.02-0.20,0.13387755102040816,0.06875146021018827,0.0633991715231508,0.07431923548880413
BCN20000,ABC-only,0.02-0.20,0.13755102040816328,0.06685417395751192,0.06166662136000877,0.07233644985950297
BCN20000,ABC-only,0.02-0.20,0.14122448979591837,0.06433560853502354,0.0593447485755612,0.06969663803034902
BCN20000,ABC-only,0.02-0.20,0.14489795918367349,0.062436659388003996,0.057507430715392494,0.06770894398762403
BCN20000,ABC-only,0.02-0.20,0.14857142857142858,0.060359971171163374,0.055375426390496654,0.06560625713354207
BCN20000,ABC-only,0.02-0.20,0.15224489795918367,0.05887474657026482,0.05397693221664383,0.06409613412965215
BCN20000,ABC-only,0.02-0.20,0.15591836734693879,0.05654114727478102,0.0516401134487912,0.06167304127247888
BCN20000,ABC-only,0.02-0.20,0.15959183673469388,0.05471139842385078,0.04984551634304335,0.059926506650444446
BCN20000,ABC-only,0.02-0.20,0.16326530612244897,0.05303448587535098,0.04827914479902069,0.05820053916723813
BCN20000,ABC-only,0.02-0.20,0.16693877551020408,0.050489338179816774,0.04581611780856101,0.05561345277684374
BCN20000,ABC-only,0.02-0.20,0.17061224489795918,0.048909623578531784,0.04439640448704083,0.05393045637003624
BCN20000,ABC-only,0.02-0.20,0.1742857142857143,0.047489558468811435,0.042972730341585746,0.05240629800714007
BCN20000,ABC-only,0.02-0.20,0.17795918367346938,0.046157202490805724,0.041527716121684585,0.050990926640880306
BCN20000,ABC-only,0.02-0.20,0.1816326530612245,0.04426941186468293,0.03969573367796975,0.04908483242871632
BCN20000,ABC-only,0.02-0.20,0.1853061224489796,0.04286523582894461,0.03850627420958084,0.0475272505859217
BCN20000,ABC-only,0.02-0.20,0.18897959183673468,0.040955731306095755,0.03663041016101154,0.045534599727034226
BCN20000,ABC-only,0.02-0.20,0.1926530612244898,0.03943719266886203,0.03516630449648461,0.04400463016324661
BCN20000,ABC-only,0.02-0.20,0.1963265306122449,0.03847884373257169,0.03425677453522428,0.042908235018113056
BCN20000,ABC-only,0.02-0.20,0.2,0.036212035768951906,0.0320430194151293,0.040622734230242485
BCN20000,ABC-only,0.02-0.50,0.02,0.19377972731024254,0.18680954134654748,0.2010469192107682
BCN20000,ABC-only,0.02-0.50,0.02979591836734694,0.17585499832727242,0.16909130713417048,0.18274570734652262
BCN20000,ABC-only,0.02-0.50,0.03959183673469388,0.16051762767801425,0.15370044100222718,0.16704435758557415
BCN20000,ABC-only,0.02-0.50,0.04938775510204081,0.14763241642294084,0.1412485177643613,0.15421256634886407
BCN20000,ABC-only,0.02-0.50,0.05918367346938776,0.135689037785416,0.12912776612861088,0.14217430539985632
BCN20000,ABC-only,0.02-0.50,0.06897959183673469,0.1254047945732107,0.11893858325404702,0.1317849549833081
BCN20000,ABC-only,0.02-0.50,0.07877551020408163,0.11486610522127227,0.10880269520345433,0.12106135798645502
BCN20000,ABC-only,0.02-0.50,0.08857142857142856,0.10487361945093966,0.09909498005806937,0.11086244904030484
BCN20000,ABC-only,0.02-0.50,0.09836734693877551,0.09558004015781438,0.08967554970279885,0.101448026658481
BCN20000,ABC-only,0.02-0.50,0.10816326530612246,0.08780655697752467,0.08238692789227209,0.09345483005655288
BCN20000,ABC-only,0.02-0.50,0.11795918367346939,0.08077733286515423,0.07553004729670006,0.08626255582910737
BCN20000,ABC-only,0.02-0.50,0.1277551020408163,0.0728603132080987,0.06765464516516471,0.07822943050972156
BCN20000,ABC-only,0.02-0.50,0.13755102040816325,0.06685417395751192,0.061926939563727,0.07216490951180177
BCN20000,ABC-only,0.02-0.50,0.1473469387755102,0.06154089523880849,0.05671367692813596,0.06655472591872269
BCN20000,ABC-only,0.02-0.50,0.1571428571428571,0.05548857335188505,0.050817520450812226,0.06029678426253505
BCN20000,ABC-only,0.02-0.50,0.16693877551020406,0.050489338179816774,0.045862089905665045,0.05509953095198634
BCN20000,ABC-only,0.02-0.50,0.176734693877551,0.04646019987761324,0.04186301557202032,0.05113931186142312
BCN20000,ABC-only,0.02-0.50,0.18653061224489795,0.042110409069299956,0.037858625991744485,0.04656700550533165
BCN20000,ABC-only,0.02-0.50,0.1963265306122449,0.03847884373257169,0.034199909480701784,0.042847078029770794
BCN20000,ABC-only,0.02-0.50,0.2061224489795918,0.03387173700679092,0.029785352324673303,0.0381972772139334
BCN20000,ABC-only,0.02-0.50,0.21591836734693876,0.029785485007930056,0.0258296053913688,0.03386958132296777
BCN20000,ABC-only,0.02-0.50,0.2257142857142857,0.027580892903910102,0.02371050110243308,0.0315914930276347
BCN20000,ABC-only,0.02-0.50,0.23551020408163262,0.02433440751904478,0.020590492959669887,0.028202993313977836
BCN20000,ABC-only,0.02-0.50,0.24530612244897956,0.0214815614241372,0.017918421243765754,0.025254285783624063
BCN20000,ABC-only,0.02-0.50,0.25510204081632654,0.019388643589520048,0.01600605970982697,0.02307625456740558
BCN20000,ABC-only,0.02-0.50,0.2648979591836735,0.016207417730681496,0.012985893199231891,0.019645142182930224
BCN20000,ABC-only,0.02-0.50,0.2746938775510204,0.014555600734630192,0.01136449474498956,0.01784924367916965
BCN20000,ABC-only,0.02-0.50,0.28448979591836737,0.013145502968774475,0.010076159735191041,0.016319989867641927
BCN20000,ABC-only,0.02-0.50,0.29428571428571426,0.011416136471786959,0.008347964178863026,0.014322869356959258
BCN20000,ABC-only,0.02-0.50,0.3040816326530612,0.01042682288670496,0.007465685511334845,0.013250044355636047
BCN20000,ABC-only,0.02-0.50,0.31387755102040815,0.009254608386086377,0.006385994409250192,0.012139623247163734
BCN20000,ABC-only,0.02-0.50,0.3236734693877551,0.007467884745784798,0.004682505749977598,0.010207618348995673
BCN20000,ABC-only,0.02-0.50,0.33346938775510204,0.00647914259732737,0.0039410488056271535,0.009097396261322343
BCN20000,ABC-only,0.02-0.50,0.343265306122449,0.005444080983884004,0.002997745602119152,0.007871910936413274
BCN20000,ABC-only,0.02-0.50,0.35306122448979593,0.004983073357762454,0.00265392875740072,0.0073566279983765855
BCN20000,ABC-only,0.02-0.50,0.3628571428571429,0.004444566469624099,0.0022345208751565595,0.006719439947776433
BCN20000,ABC-only,0.02-0.50,0.3726530612244898,0.004211222928760489,0.0020608156254846672,0.006356868397409667
BCN20000,ABC-only,0.02-0.50,0.3824489795918367,0.00434772214214369,0.0022563918634435926,0.006450592089215893
BCN20000,ABC-only,0.02-0.50,0.39224489795918366,0.003781700081864605,0.001848171534457392,0.005762139413082008
BCN20000,ABC-only,0.02-0.50,0.4020408163265306,0.0033395573120660422,0.0014505738094131762,0.005312132854221696
BCN20000,ABC-only,0.02-0.50,0.41183673469387755,0.003204873581473342,0.0013519732312607061,0.005066238116527674
BCN20000,ABC-only,0.02-0.50,0.4216326530612245,0.003183085822845708,0.0014090078235983285,0.0049268242180822005
BCN20000,ABC-only,0.02-0.50,0.43142857142857144,0.0028742763199709163,0.0011350658877242888,0.004610652958662644
BCN20000,ABC-only,0.02-0.50,0.4412244897959184,0.0027680751529549977,0.001059242304525693,0.004362445895897094
BCN20000,ABC-only,0.02-0.50,0.4510204081632653,0.0027414597419601772,0.0011784173984762947,0.0042723302138272705
BCN20000,ABC-only,0.02-0.50,0.4608163265306122,0.002390109804664385,0.0008722754275891929,0.0038745474711410007
BCN20000,ABC-only,0.02-0.50,0.47061224489795916,0.00272993325760089,0.0013066719230920454,0.0041090818620342345
BCN20000,ABC-only,0.02-0.50,0.4804081632653061,0.0024699164630446924,0.001136684299946797,0.003765761941921741
BCN20000,ABC-only,0.02-0.50,0.49020408163265305,0.0019984730231619435,0.0007310190374163505,0.0032657722085184466
BCN20000,ABC-only,0.02-0.50,0.5,0.0017723354547651657,0.0005639249174252798,0.0029021993071779483
BCN20000,Deep,0.02-0.20,0.02,0.10514815770826175,0.09972255880520257,0.11079776468712031
BCN20000,Deep,0.02-0.20,0.0236734693877551,0.10137062314915828,0.09590223372734433,0.10690983155807901
BCN20000,Deep,0.02-0.20,0.027346938775510206,0.09849558381644681,0.09310205492671292,0.10390789132817622
BCN20000,Deep,0.02-0.20,0.031020408163265307,0.0965024913753558,0.09117921559666059,0.10186102009667147
BCN20000,Deep,0.02-0.20,0.03469387755102041,0.09395268446825422,0.08876444748898422,0.09925440899527518
BCN20000,Deep,0.02-0.20,0.03836734693877551,0.09221389700840772,0.08697942775093256,0.0975148681683601
BCN20000,Deep,0.02-0.20,0.04204081632653062,0.09063875369332376,0.08550673574314982,0.09587126914616742
BCN20000,Deep,0.02-0.20,0.04571428571428572,0.08951355325279514,0.08447964298584013,0.09484278844228887
BCN20000,Deep,0.02-0.20,0.04938775510204082,0.08781168456718097,0.0827432749022073,0.09310048344377252
BCN20000,Deep,0.02-0.20,0.053061224489795916,0.08617356108862512,0.08118555143800854,0.09142537231545349
BCN20000,Deep,0.02-0.20,0.05673469387755102,0.08518445455227754,0.08019405194293346,0.0904257605238823
BCN20000,Deep,0.02-0.20,0.060408163265306125,0.08382113620267086,0.07881571112877864,0.08897918741198078
BCN20000,Deep,0.02-0.20,0.06408163265306123,0.08324221799599613,0.0782875002779924,0.08844005038258604
BCN20000,Deep,0.02-0.20,0.06775510204081633,0.08203823656431601,0.07714957399472307,0.08720363079044158
BCN20000,Deep,0.02-0.20,0.07142857142857144,0.08141588533113547,0.07654428669694922,0.08654171495144668
BCN20000,Deep,0.02-0.20,0.07510204081632653,0.08028325512735453,0.07531870716924126,0.08533118838981625
BCN20000,Deep,0.02-0.20,0.07877551020408163,0.07867557491233357,0.07387380724561601,0.08380195634366633
BCN20000,Deep,0.02-0.20,0.08244897959183674,0.07754519498413584,0.07281964501399492,0.0825690686179367
BCN20000,Deep,0.02-0.20,0.08612244897959184,0.0766863767534411,0.07199146434350566,0.0816887906960628
BCN20000,Deep,0.02-0.20,0.08979591836734695,0.07574837460654406,0.07102362487757843,0.0807276672546755
BCN20000,Deep,0.02-0.20,0.09346938775510205,0.07513302944187175,0.0703821805529656,0.07999074912131342
BCN20000,Deep,0.02-0.20,0.09714285714285716,0.07441922361917426,0.06982322279521164,0.07927662607698951
BCN20000,Deep,0.02-0.20,0.10081632653061226,0.07355031235282267,0.0688927234962511,0.0783920672538151
BCN20000,Deep,0.02-0.20,0.10448979591836735,0.07289157329911351,0.06819825327947052,0.07778057798228265
BCN20000,Deep,0.02-0.20,0.10816326530612246,0.07178198246062618,0.06706755448124899,0.07663817054571671
BCN20000,Deep,0.02-0.20,0.11183673469387756,0.07093984425720662,0.06628445191770013,0.07587671961558327
BCN20000,Deep,0.02-0.20,0.11551020408163266,0.07028692658912492,0.06564198217842608,0.07513457392106188
BCN20000,Deep,0.02-0.20,0.11918367346938777,0.06974929195803348,0.06518854078883934,0.07459397667263691
BCN20000,Deep,0.02-0.20,0.12285714285714287,0.06920531721629446,0.06461748361429424,0.07407734378505669
BCN20000,Deep,0.02-0.20,0.12653061224489795,0.06893172743980346,0.06430944419891417,0.07373083012910041
BCN20000,Deep,0.02-0.20,0.13020408163265307,0.06822659808938442,0.06370341329761191,0.07311639550927199
BCN20000,Deep,0.02-0.20,0.13387755102040816,0.06768617589734638,0.06318395637786021,0.07247262625536315
BCN20000,Deep,0.02-0.20,0.13755102040816328,0.06706882457512427,0.06259471172555496,0.07191195824690912
BCN20000,Deep,0.02-0.20,0.14122448979591837,0.0663072781234196,0.06184049157037926,0.07116975786454713
BCN20000,Deep,0.02-0.20,0.14489795918367349,0.06548200775728426,0.06094042699479547,0.07025029287372332
BCN20000,Deep,0.02-0.20,0.14857142857142858,0.06448586862549924,0.05995545101287511,0.06914888699171737
BCN20000,Deep,0.02-0.20,0.15224489795918367,0.06397772599361852,0.05939748448915574,0.06863177537519585
BCN20000,Deep,0.02-0.20,0.15591836734693879,0.06344451385511632,0.05884215454846193,0.06819660777113155
BCN20000,Deep,0.02-0.20,0.15959183673469388,0.06279916083840568,0.05823497252387057,0.06745344684971462
BCN20000,Deep,0.02-0.20,0.16326530612244897,0.061854900350340816,0.057304153984905674,0.06653857187488332
BCN20000,Deep,0.02-0.20,0.16693877551020408,0.06120292483110178,0.056641711860852366,0.06592528387582475
BCN20000,Deep,0.02-0.20,0.17061224489795918,0.06061788472968712,0.05607328779962079,0.06530709248178344
BCN20000,Deep,0.02-0.20,0.1742857142857143,0.05977381119303152,0.05524982598609505,0.0645233593980192
BCN20000,Deep,0.02-0.20,0.17795918367346938,0.0593555575804621,0.054861162389336034,0.06415860346302221
BCN20000,Deep,0.02-0.20,0.1816326530612245,0.05888786452462255,0.05436673160408413,0.06364153360255205
BCN20000,Deep,0.02-0.20,0.1853061224489796,0.05832288116069406,0.053781822486510124,0.0630291235818935
BCN20000,Deep,0.02-0.20,0.18897959183673468,0.05783917870086928,0.05330584613246393,0.06250634359784259
BCN20000,Deep,0.02-0.20,0.1926530612244898,0.057294869358480216,0.05273393414728695,0.062013191183743
BCN20000,Deep,0.02-0.20,0.1963265306122449,0.05663045062809322,0.052032705272168134,0.06136083474144085
BCN20000,Deep,0.02-0.20,0.2,0.05605010875694836,0.05155784258438733,0.06068285265447515
BCN20000,Deep,0.02-0.50,0.02,0.10514815770826175,0.09959193538045202,0.11039533109626674
BCN20000,Deep,0.02-0.50,0.02979591836734694,0.09708591570151139,0.09155970569890882,0.10225184787170452
BCN20000,Deep,0.02-0.50,0.03959183673469388,0.09180732577875032,0.08631666967328476,0.09691537931885225
BCN20000,Deep,0.02-0.50,0.04938775510204081,0.08781168456718097,0.08244036458543218,0.09285773768598184
BCN20000,Deep,0.02-0.50,0.05918367346938776,0.08437623910136896,0.07911292530939416,0.08940647295633138
BCN20000,Deep,0.02-0.50,0.06897959183673469,0.08171405202921672,0.07660591456122513,0.08663567610754984
BCN20000,Deep,0.02-0.50,0.07877551020408163,0.07867557491233357,0.0735116749305338,0.08366097332962452
BCN20000,Deep,0.02-0.50,0.08857142857142856,0.0762081516824181,0.07118521713634735,0.08098446693690278
BCN20000,Deep,0.02-0.50,0.09836734693877551,0.07419141069740369,0.06923923782500399,0.0790808581826388
BCN20000,Deep,0.02-0.50,0.10816326530612246,0.07178198246062618,0.06674567576142307,0.07661875394162132
BCN20000,Deep,0.02-0.50,0.11795918367346939,0.06991546867260455,0.06501048966703676,0.07472675904815798
BCN20000,Deep,0.02-0.50,0.1277551020408163,0.06870022186425005,0.06372678503121078,0.0735571604572787
BCN20000,Deep,0.02-0.50,0.13755102040816325,0.06706882457512427,0.06221972033731486,0.07197161529622415
BCN20000,Deep,0.02-0.50,0.1473469387755102,0.06503223180102301,0.06012573794124098,0.0699671166561007
BCN20000,Deep,0.02-0.50,0.1571428571428571,0.06331934672097458,0.058587975700707444,0.06812414404253604
BCN20000,Deep,0.02-0.50,0.16693877551020406,0.06120292483110178,0.056416043215902725,0.06594040035550913
BCN20000,Deep,0.02-0.50,0.176734693877551,0.05937359720231892,0.05467443191424411,0.06404615089790434
BCN20000,Deep,0.02-0.50,0.18653061224489795,0.05817388168668483,0.053519525501100305,0.06281113741808567
BCN20000,Deep,0.02-0.50,0.1963265306122449,0.05663045062809322,0.05186182882123163,0.061295094303278196
BCN20000,Deep,0.02-0.50,0.2061224489795918,0.05538413683142125,0.05062476481555845,0.05999769190480913
BCN20000,Deep,0.02-0.50,0.21591836734693876,0.05436249623773971,0.04975701994680478,0.058994245969647856
BCN20000,Deep,0.02-0.50,0.2257142857142857,0.05294978511696016,0.048324389410815884,0.05755611825835489
BCN20000,Deep,0.02-0.50,0.23551020408163262,0.05207288106965,0.047363532729172514,0.056704348329509525
BCN20000,Deep,0.02-0.50,0.24530612244897956,0.0507955053489213,0.04609416639867561,0.055433225743331496
BCN20000,Deep,0.02-0.50,0.25510204081632654,0.04965408558636604,0.04503533635196861,0.05442876944078733
BCN20000,Deep,0.02-0.50,0.2648979591836735,0.04833521375402451,0.04374301775560566,0.05300658602753564
BCN20000,Deep,0.02-0.50,0.2746938775510204,0.047161377685029954,0.04252643077870374,0.0516594881353398
BCN20000,Deep,0.02-0.50,0.28448979591836737,0.04551711859780812,0.040800433079263045,0.05015673950938118
BCN20000,Deep,0.02-0.50,0.29428571428571426,0.04454126224596064,0.03984849532503308,0.049188195997992186
BCN20000,Deep,0.02-0.50,0.3040816326530612,0.043296061999138644,0.038684694151647374,0.048024136553461945
BCN20000,Deep,0.02-0.50,0.31387755102040815,0.04181958303678193,0.037240312144207206,0.04653490614726083
BCN20000,Deep,0.02-0.50,0.3236734693877551,0.04042401864107562,0.03572633422403878,0.04527691489556692
BCN20000,Deep,0.02-0.50,0.33346938775510204,0.03901826646096143,0.03430538766594432,0.043610573066805845
BCN20000,Deep,0.02-0.50,0.343265306122449,0.03777746189926888,0.03322448292320893,0.04242841050028897
BCN20000,Deep,0.02-0.50,0.35306122448979593,0.03687748750229039,0.032224668551160233,0.04155108196581329
BCN20000,Deep,0.02-0.50,0.3628571428571429,0.03557170462472621,0.031002639356468104,0.040344321138803194
BCN20000,Deep,0.02-0.50,0.3726530612244898,0.03480164691863699,0.030192557899794532,0.03954032230885191
BCN20000,Deep,0.02-0.50,0.3824489795918367,0.03350712898322224,0.02882653752603248,0.03813447876133953
BCN20000,Deep,0.02-0.50,0.39224489795918366,0.03274784440606555,0.027996778329354984,0.037506660866007534
BCN20000,Deep,0.02-0.50,0.4020408163265306,0.031632036104392386,0.0268096325854569,0.036434918087912355
BCN20000,Deep,0.02-0.50,0.41183673469387755,0.030669699833953266,0.025850766581765782,0.03549508465107293
BCN20000,Deep,0.02-0.50,0.4216326530612245,0.029736223110733557,0.024965005556528058,0.03456672555311005
BCN20000,Deep,0.02-0.50,0.43142857142857144,0.028662202497219846,0.02381648636317817,0.033478082833404914
BCN20000,Deep,0.02-0.50,0.4412244897959184,0.027681928457270785,0.022783486138763187,0.03257146584641081
BCN20000,Deep,0.02-0.50,0.4510204081632653,0.02653142451387307,0.02162795061059922,0.03142080029421128
BCN20000,Deep,0.02-0.50,0.4608163265306122,0.02537131562091537,0.020390808749563123,0.03032020348377165
BCN20000,Deep,0.02-0.50,0.47061224489795916,0.024129452166725743,0.019151499525362683,0.029071282929497705
BCN20000,Deep,0.02-0.50,0.4804081632653061,0.022480486179093213,0.017399080316995292,0.027480147925397373
BCN20000,Deep,0.02-0.50,0.49020408163265305,0.021359938188204634,0.01621211413664888,0.026380140606483412
BCN20000,Deep,0.02-0.50,0.5,0.020140175622331426,0.014903729960525254,0.02521549987915895
BCN20000,Hybrid,0.02-0.20,0.02,0.09193291430807399,0.08681792623599024,0.09706742601979162
BCN20000,Hybrid,0.02-0.20,0.0236734693877551,0.08851688016150938,0.0835479704630516,0.09344066643639058
BCN20000,Hybrid,0.02-0.20,0.027346938775510206,0.08456882563151495,0.07972824302381673,0.08947872492590392
BCN20000,Hybrid,0.02-0.20,0.031020408163265307,0.08118326636795636,0.07635921582877314,0.0859995492808549
BCN20000,Hybrid,0.02-0.20,0.03469387755102041,0.07874629833791177,0.07414536250527776,0.08350291815390296
BCN20000,Hybrid,0.02-0.20,0.03836734693877551,0.07614402010488756,0.07155459211733359,0.080797171744886
BCN20000,Hybrid,0.02-0.20,0.04204081632653062,0.07452956514280165,0.06988012450764693,0.07913024544309434
BCN20000,Hybrid,0.02-0.20,0.04571428571428572,0.07315297705563657,0.06857136448122043,0.07779933969167922
BCN20000,Hybrid,0.02-0.20,0.04938775510204082,0.07178460150487669,0.06716625515217516,0.07635311454282563
BCN20000,Hybrid,0.02-0.20,0.053061224489795916,0.07041456815296533,0.06588116219925162,0.07501939360014667
BCN20000,Hybrid,0.02-0.20,0.05673469387755102,0.0688934490762762,0.06445735621526866,0.07342733028978182
BCN20000,Hybrid,0.02-0.20,0.060408163265306125,0.06817773160799512,0.06379026346569343,0.07262210143327358
BCN20000,Hybrid,0.02-0.20,0.06408163265306123,0.0671542140888899,0.06278711080757485,0.07175441992095775
BCN20000,Hybrid,0.02-0.20,0.06775510204081633,0.06656077613676302,0.06209458461363948,0.07104489629608413
BCN20000,Hybrid,0.02-0.20,0.07142857142857144,0.06530374483327034,0.06086546982381994,0.06961715075386227
BCN20000,Hybrid,0.02-0.20,0.07510204081632653,0.0646126697596383,0.06014694044601619,0.06894824163290357
BCN20000,Hybrid,0.02-0.20,0.07877551020408163,0.06352677194193161,0.05909489997212678,0.06787369734468426
BCN20000,Hybrid,0.02-0.20,0.08244897959183674,0.062434472756004576,0.05795296115053298,0.06675182401184845
BCN20000,Hybrid,0.02-0.20,0.08612244897959184,0.06154506648092969,0.05709870668589426,0.06579111743235373
BCN20000,Hybrid,0.02-0.20,0.08979591836734695,0.060915812620863624,0.05653189246482875,0.0651439038126888
BCN20000,Hybrid,0.02-0.20,0.09346938775510205,0.060129478205682096,0.05575505926471112,0.06436870043689581
BCN20000,Hybrid,0.02-0.20,0.09714285714285716,0.05932123019251968,0.055040015214755454,0.06352523691474944
BCN20000,Hybrid,0.02-0.20,0.10081632653061226,0.05860452846226441,0.054343075741797496,0.06279361276865558
BCN20000,Hybrid,0.02-0.20,0.10448979591836735,0.05821278174490076,0.053918802669680334,0.06242341684450118
BCN20000,Hybrid,0.02-0.20,0.10816326530612246,0.05751130845513147,0.0532895266846727,0.061742372219572704
BCN20000,Hybrid,0.02-0.20,0.11183673469387756,0.05673280147473474,0.05239997959326323,0.06094193713244179
BCN20000,Hybrid,0.02-0.20,0.11551020408163266,0.05614002855350861,0.05189134558344258,0.06035785997166954
BCN20000,Hybrid,0.02-0.20,0.11918367346938777,0.05520834647702224,0.050853540269562535,0.05936729647615242
BCN20000,Hybrid,0.02-0.20,0.12285714285714287,0.0546492840987606,0.05030356558520265,0.058739071494605714
BCN20000,Hybrid,0.02-0.20,0.12653061224489795,0.054425530665393754,0.05012899123695312,0.05856358385202128
BCN20000,Hybrid,0.02-0.20,0.13020408163265307,0.05422808916175777,0.049911879407092886,0.05833029041207044
BCN20000,Hybrid,0.02-0.20,0.13387755102040816,0.05371804346375182,0.049497659221850426,0.05781507340097446
BCN20000,Hybrid,0.02-0.20,0.13755102040816328,0.052961932608932616,0.048654291226138846,0.05706153160116512
BCN20000,Hybrid,0.02-0.20,0.14122448979591837,0.05258599854990735,0.04821009932552619,0.056676343778554246
BCN20000,Hybrid,0.02-0.20,0.14489795918367349,0.05226697624535983,0.047940558891315536,0.05631975638751197
BCN20000,Hybrid,0.02-0.20,0.14857142857142858,0.051708076129323176,0.04740082247611159,0.05570440061485658
BCN20000,Hybrid,0.02-0.20,0.15224489795918367,0.05111275973311562,0.04679110470211138,0.05506949262388612
BCN20000,Hybrid,0.02-0.20,0.15591836734693879,0.050541712290462316,0.046298903813481875,0.05451740438402928
BCN20000,Hybrid,0.02-0.20,0.15959183673469388,0.04990534019642178,0.045624035760970176,0.05394084058656799
BCN20000,Hybrid,0.02-0.20,0.16326530612244897,0.049430868110340656,0.04520211894296499,0.0534249105481468
BCN20000,Hybrid,0.02-0.20,0.16693877551020408,0.048973328644682027,0.04479973856650815,0.053016575966472856
BCN20000,Hybrid,0.02-0.20,0.17061224489795918,0.04871171067162887,0.044480085330911016,0.05276334310422588
BCN20000,Hybrid,0.02-0.20,0.1742857142857143,0.048177808899420936,0.043953515080879885,0.05220948876847216
BCN20000,Hybrid,0.02-0.20,0.17795918367346938,0.047904737729313,0.04368727895307247,0.051935502877585096
BCN20000,Hybrid,0.02-0.20,0.1816326530612245,0.04715091350010537,0.04298827068315676,0.05123279973754488
BCN20000,Hybrid,0.02-0.20,0.1853061224489796,0.04659750500759838,0.04242178064337811,0.05066218798670409
BCN20000,Hybrid,0.02-0.20,0.18897959183673468,0.04619639353209866,0.04201569547097623,0.05023482005467668
BCN20000,Hybrid,0.02-0.20,0.1926530612244898,0.045250596324330386,0.04118775677705709,0.049194771748884876
BCN20000,Hybrid,0.02-0.20,0.1963265306122449,0.04488933172953845,0.040838883627508094,0.04882945585684695
BCN20000,Hybrid,0.02-0.20,0.2,0.04450978812535245,0.040360911947152175,0.04843712237170708
BCN20000,Hybrid,0.02-0.50,0.02,0.09193291430807399,0.08680629425700838,0.09723027372553791
BCN20000,Hybrid,0.02-0.50,0.02979591836734694,0.08242020753887527,0.0775195444432925,0.08733509076771298
BCN20000,Hybrid,0.02-0.50,0.03959183673469388,0.07562879887964133,0.07112364787351759,0.08044265949059
BCN20000,Hybrid,0.02-0.50,0.04938775510204081,0.07178460150487669,0.0672293944730377,0.07646250276332894
BCN20000,Hybrid,0.02-0.50,0.05918367346938776,0.06850246042171518,0.06400065933954555,0.07296988340367395
BCN20000,Hybrid,0.02-0.50,0.06897959183673469,0.0662174009492742,0.06179471197571043,0.07063363464778427
BCN20000,Hybrid,0.02-0.50,0.07877551020408163,0.06352677194193161,0.05912337016721896,0.06788454823239218
BCN20000,Hybrid,0.02-0.50,0.08857142857142856,0.06116577650036732,0.05677369033930703,0.06553872002428436
BCN20000,Hybrid,0.02-0.50,0.09836734693877551,0.05895996753064525,0.05470290332529708,0.06329857528634698
BCN20000,Hybrid,0.02-0.50,0.10816326530612246,0.05751130845513147,0.05326519716817148,0.06188474528715281
BCN20000,Hybrid,0.02-0.50,0.11795918367346939,0.055395007838545174,0.05116691394689175,0.05959046085232626
BCN20000,Hybrid,0.02-0.50,0.1277551020408163,0.0542400846908993,0.050134919385200837,0.058423286815590746
BCN20000,Hybrid,0.02-0.50,0.13755102040816325,0.052961932608932616,0.04886710225364467,0.057180602645143755
BCN20000,Hybrid,0.02-0.50,0.1473469387755102,0.05182301465398793,0.047770031356971186,0.05592893797894138
BCN20000,Hybrid,0.02-0.50,0.1571428571428571,0.05042690345141165,0.04645450982908842,0.054474088810664595
BCN20000,Hybrid,0.02-0.50,0.16693877551020406,0.048973328644682027,0.044962206925907404,0.05290561652560912
BCN20000,Hybrid,0.02-0.50,0.176734693877551,0.04800123784694673,0.04405319826188587,0.05196629123728418
BCN20000,Hybrid,0.02-0.50,0.18653061224489795,0.04648449546020433,0.04248673628464145,0.05036354583344129
BCN20000,Hybrid,0.02-0.50,0.1963265306122449,0.04488933172953845,0.04098822778606138,0.048820854600533675
BCN20000,Hybrid,0.02-0.50,0.2061224489795918,0.044233624380443676,0.04048612274593122,0.04818494045031569
BCN20000,Hybrid,0.02-0.50,0.21591836734693876,0.043307563274434836,0.039389983541041694,0.047172187241524804
BCN20000,Hybrid,0.02-0.50,0.2257142857142857,0.042044957628340485,0.03814415490485365,0.04584884225946908
BCN20000,Hybrid,0.02-0.50,0.23551020408163262,0.0409751604213914,0.037219417675585884,0.04478091596529463
BCN20000,Hybrid,0.02-0.50,0.24530612244897956,0.040640281998186006,0.03685989151884896,0.044432697763562574
BCN20000,Hybrid,0.02-0.50,0.25510204081632654,0.039507851357778914,0.035691536380882176,0.04331776562132718
BCN20000,Hybrid,0.02-0.50,0.2648979591836735,0.03846453716534487,0.03480736755133888,0.04236522957138709
BCN20000,Hybrid,0.02-0.50,0.2746938775510204,0.03761287168711112,0.03400987133816586,0.04141636142078977
BCN20000,Hybrid,0.02-0.50,0.28448979591836737,0.03681412706596497,0.033318562339346776,0.04050603150580636
BCN20000,Hybrid,0.02-0.50,0.29428571428571426,0.03634885850050766,0.032837602343892436,0.03992680554635975
BCN20000,Hybrid,0.02-0.50,0.3040816326530612,0.035679886260573,0.03219079869203439,0.03926922583527392
BCN20000,Hybrid,0.02-0.50,0.31387755102040815,0.03470857944643919,0.031236245434194627,0.038345988616164096
BCN20000,Hybrid,0.02-0.50,0.3236734693877551,0.034641053452001795,0.03113485064254818,0.03830955058553336
BCN20000,Hybrid,0.02-0.50,0.33346938775510204,0.03411407819735833,0.030609211576133884,0.037738922545743854
BCN20000,Hybrid,0.02-0.50,0.343265306122449,0.03350639280967942,0.030027066693697146,0.03705508424401391
BCN20000,Hybrid,0.02-0.50,0.35306122448979593,0.0329462777016362,0.029452198659134454,0.03649904915498938
BCN20000,Hybrid,0.02-0.50,0.3628571428571429,0.032738352204888625,0.0292302497128896,0.036362725827363836
BCN20000,Hybrid,0.02-0.50,0.3726530612244898,0.032153731415020696,0.028583406350751652,0.0357350018850785
BCN20000,Hybrid,0.02-0.50,0.3824489795918367,0.03140099640756772,0.02783709316113115,0.03501106897662722
BCN20000,Hybrid,0.02-0.50,0.39224489795918366,0.030883802846048927,0.027276529670008976,0.034338147299698855
BCN20000,Hybrid,0.02-0.50,0.4020408163265306,0.03037468425291221,0.026774370093667624,0.033870042664178174
BCN20000,Hybrid,0.02-0.50,0.41183673469387755,0.029974842810192106,0.026381507030780172,0.033519513719722435
BCN20000,Hybrid,0.02-0.50,0.4216326530612245,0.02971984944643086,0.02613960845679294,0.033308352598446514
BCN20000,Hybrid,0.02-0.50,0.43142857142857144,0.029292114321709247,0.025697032248975484,0.03291741677856777
BCN20000,Hybrid,0.02-0.50,0.4412244897959184,0.02897095854348604,0.025463618310100095,0.032570656708602756
BCN20000,Hybrid,0.02-0.50,0.4510204081632653,0.02831603873741913,0.024785383593228946,0.031829331403070954
BCN20000,Hybrid,0.02-0.50,0.4608163265306122,0.027410275898756484,0.0238885428349671,0.030851518392386482
BCN20000,Hybrid,0.02-0.50,0.47061224489795916,0.026861869948690224,0.023298068201560267,0.030361819419675983
BCN20000,Hybrid,0.02-0.50,0.4804081632653061,0.026493396395550897,0.02289001204866626,0.029951583207656316
BCN20000,Hybrid,0.02-0.50,0.49020408163265305,0.026051873481384,0.022465961168193396,0.029460797349714133
BCN20000,Hybrid,0.02-0.50,0.5,0.02594054620156288,0.022315314589543223,0.02940465640860388
