descriptor,comparison,n_methods,n_images,ICC,ICC_ci_low,ICC_ci_high
A_asymmetry,all_methods,4,200,0.7407762790204737,0.7978032957729551,0.8641629864261675
B_border_irreg,all_methods,4,200,0.26907852965714346,0.3245276823276381,0.4739813172994846
C_color_mean_v,all_methods,4,200,0.8264641490623383,0.806466326961683,0.8703088484568099
C_color_std_v,all_methods,4,200,0.8528563137638194,0.8292938451065077,0.8863568726107267
C_color_mean_s,all_methods,4,200,0.9242073849695212,0.9119625314709982,0.9427520845579791
C_color_std_s,all_methods,4,200,0.732385041950246,0.7131385163343901,0.8024313696757563
C_glcm_contrast_d1,all_methods,4,200,0.4821387134104848,0.4898624594570411,0.6236614896178959
C_glcm_homogeneity_d1,all_methods,4,200,0.7461797404010351,0.7036672066105689,0.7953316393598752
C_glcm_contrast_d2,all_methods,4,200,0.47980885526071215,0.4880023800326154,0.622065291586277
C_glcm_homogeneity_d2,all_methods,4,200,0.73841965526865,0.6946272753069976,0.7885177533129306
