dataset,model,subgroup_variable,subgroup_level,N,prevalence,AUC,Brier,cal_slope,cal_intercept,mean_predicted_risk,AUC_ci_low,AUC_ci_high,Brier_ci_low,Brier_ci_high,cal_slope_ci_low,cal_slope_ci_high,cal_intercept_ci_low,cal_intercept_ci_high
BCN20000,ABC-only,age_group,40-59,4179,0.24168461354391002,0.6723622093985984,0.1951378971738541,0.4679334888335917,0.12242021644486456,0.09331651710330224,0.6540386502527972,0.6904048137022513,0.18500281435917146,0.20488489346332772,0.4127062026249135,0.5256223904695335,-0.03976408229065571,0.29039456140209025
BCN20000,ABC-only,age_group,60-74,3275,0.26229007633587786,0.6983261570130059,0.21308861751548516,0.5207325001247717,0.4844901703767041,0.08145493404651603,0.6787617514480071,0.7187145958577134,0.20093596564681745,0.22523558159988996,0.4597466008588784,0.5882018775402721,0.3071378140491185,0.6874880589797415
BCN20000,ABC-only,age_group,<=39,1963,0.11156393275598574,0.6453594319467135,0.1006559921001165,0.4064247762809874,-1.0186644254040171,0.09435988860062659,0.6078368502083352,0.6795547552765592,0.09053492816925762,0.11146683987438809,0.30136403861987165,0.5147158748870316,-1.3108483538335032,-0.7424855695193384
BCN20000,ABC-only,age_group,>=75,2918,0.2590815627141878,0.759538860255789,0.20062545742677654,0.7643925315037732,1.1088502038202999,0.08101156214662783,0.7407071705540963,0.7780439945811988,0.18839156968539922,0.21247485889372136,0.6959300553524307,0.838834239025953,0.9137062183445702,1.3217035939429747
BCN20000,ABC-only,age_group,Missing,78,0.16666666666666666,0.5550295857988166,0.15244219852029287,0.1253749579609252,-1.2555632500824874,0.08954206491538462,0.3746003747496285,0.7367724773262873,0.0872091004223143,0.22219639587906484,-0.34817394167303023,0.6679396964578779,-2.92431687372569,0.17994932220544343
BCN20000,ABC-only,sex,Missing,74,0.17567567567567569,0.5485498108448928,0.16043335024365438,0.10563010759399072,-1.2496144176839445,0.09151757155945946,0.3583035714285715,0.7316936643078283,0.09423318987332491,0.2344820910223727,-0.38729867408449586,0.6444845685419421,-3.0237753032286636,0.15346842508469713
BCN20000,ABC-only,sex,female,5840,0.23613013698630136,0.7113200391630372,0.1891460451176746,0.5734040306599546,0.44829178123495717,0.08328366669935275,0.6958558879145943,0.7263296858837409,0.18056360040673367,0.19759466063392753,0.521178991857217,0.6255997511895323,0.3034514343837928,0.5963804187794352
BCN20000,ABC-only,sex,male,6499,0.22541929527619634,0.6749813893510477,0.18337664440620802,0.48447767282664606,0.08154682447698515,0.09112020324476228,0.6594479545060478,0.6899524200850427,0.1751808581020014,0.19120296858460417,0.4379868296601116,0.5330360016969945,-0.05305808792765527,0.21377518655002273
BCN20000,ABC-only,anatom_site_general,Missing,173,0.06936416184971098,0.7945134575569358,0.06389151368917315,0.7482491415278288,-0.5711953809875627,0.07138991951075145,0.6940695193171608,0.882692901234568,0.03587117692811962,0.09472984727022303,0.43944641394499157,1.1615760603830598,-1.8088541643260705,0.5412407484788317
BCN20000,ABC-only,anatom_site_general,anterior torso,5086,0.22158867479355093,0.6816378527645726,0.17752073640857513,0.5068264654358131,0.040757847322346795,0.10167481312199174,0.6652133163926572,0.6981973847430795,0.16857513469514404,0.18626972116880253,0.45721192910197506,0.5619308654917735,-0.09941554915189553,0.18455157511067277
BCN20000,ABC-only,anatom_site_general,head/neck,3223,0.19702140862550419,0.7047657875841253,0.16221287983772806,0.5901877046463636,0.3062819038574843,0.073760895288278,0.6835921922928301,0.7272845664851458,0.15103258437676445,0.1732360788056885,0.5206920639153148,0.668969757940702,0.09797117529580998,0.5238103312247514
BCN20000,ABC-only,anatom_site_general,lower extremity,2173,0.22503451449608836,0.7033963345622702,0.18257639249980281,0.5405940193068789,0.3107272796803074,0.08175952573191901,0.6791638767227802,0.7287223751351786,0.1692523129653028,0.1967154018063106,0.4658800696002068,0.626085553538724,0.08985201282816913,0.5570175802321793
BCN20000,ABC-only,anatom_site_general,oral/genital,59,0.3220338983050847,0.5657894736842105,0.2865406265970393,0.26412490238645037,0.06765523759525094,0.06312697106440679,0.41023809523809524,0.7071647869674184,0.18602283435286407,0.38719581730860125,-0.17269576493046077,0.7407057571804934,-1.4773941456465425,1.6145181586005362
BCN20000,ABC-only,anatom_site_general,palms/soles,380,0.5131578947368421,0.6849896049896049,0.4407372498204419,0.5289242045025977,1.8756055912996232,0.059756627845,0.6321906550933927,0.7366231043142379,0.395899278533365,0.4852563869946083,0.36548038655740833,0.7206618568909557,1.2777470078687436,2.557232289084141
BCN20000,ABC-only,anatom_site_general,upper extremity,1319,0.2880970432145565,0.7489574575416176,0.22015877303934295,0.6904113043120546,1.031080393301274,0.08646227012133435,0.718185225547195,0.777097238718512,0.20177265348891435,0.23916849612346802,0.5817382199784827,0.8065500307378307,0.7302641262570541,1.344747863977283
BCN20000,Deep,age_group,40-59,4179,0.24168461354391002,0.7261399885649658,0.1881678940655224,0.18284355846716038,0.06263492091038464,0.08406781126754757,0.7064980041977409,0.7454199852748923,0.17728144920222147,0.1989686251757193,0.16581329102375364,0.20119371700618252,-0.05458269313365456,0.18779841183064327
BCN20000,Deep,age_group,60-74,3275,0.26229007633587786,0.7169861960234063,0.20944495669364305,0.16326251794096353,-0.02675723563944598,0.10586785812860669,0.6963510235978376,0.7369606400752458,0.1964504956272283,0.22300074089111413,0.14673858704620202,0.1810147097323723,-0.14753720788983507,0.09463345941157372
BCN20000,Deep,age_group,<=39,1963,0.11156393275598574,0.6500748816555654,0.10718779703552682,0.13387412047775582,-1.1357764012765048,0.05390080793035014,0.607962502857762,0.6905608191471831,0.09415442877910116,0.12094736655324026,0.0999481983050624,0.16798220960190105,-1.378198650955558,-0.9021629823534015
BCN20000,Deep,age_group,>=75,2918,0.2590815627141878,0.7015277716595941,0.22500787416638224,0.13473579131907887,-0.309920666117389,0.1325785812735942,0.6798539138069991,0.7236735259803133,0.2103272740426914,0.23936864210250083,0.11853299406544056,0.1527371734774229,-0.43247449337008953,-0.18626092843500647
BCN20000,Deep,age_group,Missing,78,0.16666666666666666,0.48284023668639053,0.20147490935973444,-0.034376989853979335,-1.8771753042129022,0.05438724724842422,0.3356863275613276,0.6267857142857143,0.11810784674774817,0.2900136635559298,-0.14781463314352467,0.06140916081997846,-3.0967809355494604,-1.0134938694390712
BCN20000,Deep,sex,Missing,74,0.17567567567567569,0.4968474148802018,0.2122587045518185,-0.02764985725118653,-1.762773401970098,0.05582731281473094,0.3437421085858586,0.645283613445378,0.12605579442576975,0.3076936679556296,-0.131474569013047,0.07444111565307068,-2.8892485551150107,-0.8152106330154891
BCN20000,Deep,sex,female,5840,0.23613013698630136,0.7288253088283129,0.18672385495380553,0.1881721691506411,0.021085148033255025,0.08471352314896889,0.7129576792114128,0.7445443865412066,0.17723821182239324,0.19545907760405076,0.1738685411735923,0.20355478813791544,-0.07384587074249084,0.11964741305440675
BCN20000,Deep,sex,male,6499,0.22541929527619634,0.7006062529068545,0.19215403457958785,0.14176801539675293,-0.3656590724063228,0.10710758789490725,0.6849808991869228,0.7160039347089924,0.18291314818243098,0.20095967340378038,0.13036840803175032,0.15380065188892314,-0.4488271000202506,-0.28013204222375876
BCN20000,Deep,anatom_site_general,Missing,173,0.06936416184971098,0.7717391304347826,0.08421526316283014,0.1905799827840676,-1.5518830432700723,0.07118939570493811,0.6288280669962096,0.8875338753387533,0.05093279413227724,0.12330902655033808,0.083385075945821,0.37791418545661937,-2.5860399092007613,-0.7015962101664583
BCN20000,Deep,anatom_site_general,anterior torso,5086,0.22158867479355093,0.7524975945768887,0.1704554746075625,0.19955167851133251,-0.037971022478122236,0.0925046098862993,0.735015227159948,0.7707724244866409,0.16071085212162245,0.18016324352804494,0.1839408589779346,0.21784516931831172,-0.14224299932764395,0.0725930080061629
BCN20000,Deep,anatom_site_general,head/neck,3223,0.19702140862550419,0.6637296303958914,0.1923823030205969,0.11016002782166312,-0.7807705592512625,0.12480103502433634,0.6395635794925014,0.6881228789592759,0.1801347180638832,0.20468568312436275,0.09317919724701053,0.12867360425526614,-0.905194023482579,-0.6604365321095198
BCN20000,Deep,anatom_site_general,lower extremity,2173,0.22503451449608836,0.7178351281640267,0.1724618649769431,0.17962577548009928,-0.04539525309311129,0.08053659702872061,0.689716900163146,0.7458671092359824,0.1567746543695759,0.18815073720237865,0.15580728946829045,0.20554160347586267,-0.21444580070823321,0.12253380769881417
BCN20000,Deep,anatom_site_general,oral/genital,59,0.3220338983050847,0.45263157894736833,0.34902902041516026,-0.043417274846565275,-1.0501237389239362,0.11513122020885153,0.2862324630617314,0.6190510797342192,0.2477707427630266,0.4648436736497633,-0.17373058998078234,0.080678266296692,-2.2865367092873323,-0.08704600993444216
BCN20000,Deep,anatom_site_general,palms/soles,380,0.5131578947368421,0.6661677061677062,0.4465530608577548,0.1539012949199062,1.123357308726152,0.07845070276942802,0.6123640957446809,0.7220422127299498,0.3978961492384509,0.4929781975860186,0.10138716705422696,0.21720311986256394,0.7202163873040706,1.6071785973653663
BCN20000,Deep,anatom_site_general,upper extremity,1319,0.2880970432145565,0.7424555798441792,0.2186406920832797,0.20886356595732491,0.5890052088034106,0.07453557881504713,0.7113443844306806,0.7726326008781987,0.19786894188649443,0.24151718870600314,0.18051560766553307,0.24143823919437402,0.3750652100226293,0.8249424098223752
BCN20000,Hybrid,age_group,40-59,4179,0.24168461354391002,0.7558463956209442,0.19358543468239778,0.40595273261912734,1.2580930941850341,0.047081030039069625,0.7374999999381268,0.7735430523871246,0.1822339318957475,0.20542161388331606,0.3755425346196444,0.43857579419121373,1.0707297032728684,1.4565909035392246
BCN20000,Hybrid,age_group,60-74,3275,0.26229007633587786,0.7742359820829703,0.211409102815352,0.3788448830193131,1.1579233668274098,0.05771247883656062,0.7557807359024656,0.792469860877566,0.19788773746152286,0.22448682178042806,0.34832347831376775,0.4142812972347821,0.9597330258255891,1.383991457218658
BCN20000,Hybrid,age_group,<=39,1963,0.11156393275598574,0.6821823551589796,0.09812873432305909,0.33565082552630954,0.009656133213051352,0.020410858009065207,0.6413044455276905,0.7242637637249253,0.08527875808930896,0.11046701874580207,0.27970228031637057,0.39650165392883235,-0.3462037696086048,0.3696185992039345
BCN20000,Hybrid,age_group,>=75,2918,0.2590815627141878,0.7707430901232935,0.21805560793249795,0.34600252687305666,0.8697425016080843,0.05791330724498767,0.7508815687032524,0.7902020287763085,0.20483814398338326,0.23237010427450053,0.31203662636499657,0.3840641038602335,0.659240957408245,1.0986081633506344
BCN20000,Hybrid,age_group,Missing,78,0.16666666666666666,0.6153846153846154,0.17187347388538832,0.08936714353824843,-1.0256301726151769,0.020346175759743592,0.46744852369852374,0.7590982913815575,0.09633720621224451,0.25899612461346727,-0.12363975888827275,0.3737115461921945,-2.643172171498947,0.8264531607269562
BCN20000,Hybrid,sex,Missing,74,0.17567567567567569,0.6317780580075663,0.18110397659580188,0.10811471320464164,-0.8344541132306176,0.020411793556216216,0.48051948051948057,0.7762402248289344,0.10278330226552017,0.2693027830658602,-0.11157013789315667,0.40125047894545973,-2.5687982341284257,1.2097264113351196
BCN20000,Hybrid,sex,female,5840,0.23613013698630136,0.7709198030664275,0.19436378809509874,0.4116566636546744,1.2838933361026559,0.04486151377357877,0.7557229197900647,0.7861013418278212,0.18438177833654576,0.2037126270919237,0.38457031202897285,0.4411241951609175,1.1143698822524888,1.4703426022668233
BCN20000,Hybrid,sex,male,6499,0.22541929527619634,0.7538365734168067,0.18390386627185823,0.3573610191241727,0.7918633809621223,0.05122369996677596,0.7392697461997296,0.767966788240525,0.17472866178160515,0.19307676423305278,0.33374653373061247,0.3818481496754766,0.6441233956943712,0.9394150504162155
BCN20000,Hybrid,anatom_site_general,Missing,173,0.06936416184971098,0.7769151138716356,0.067517931835552,0.40205089163198593,-0.2013177677630336,0.013749405151601156,0.65088688729693,0.8863830067946434,0.034614444304196156,0.10334703839646688,0.20065039990706207,0.6854444836305982,-1.6945271386579892,1.3991718257620678
BCN20000,Hybrid,anatom_site_general,anterior torso,5086,0.22158867479355093,0.7914704917955628,0.17143647284555527,0.41853216463200066,1.0847515528114882,0.05538836876244278,0.775013760716111,0.8070918038674878,0.16160105583471687,0.18120406761917876,0.38971703246942213,0.4477707676944465,0.9143769620368019,1.263852380780448
BCN20000,Hybrid,anatom_site_general,head/neck,3223,0.19702140862550419,0.7329120471223941,0.1756119098863329,0.309065834561933,0.3841159890470792,0.04016631256117592,0.7106985275016755,0.7543132195902899,0.1636041061267053,0.18811251501182202,0.2756861287599201,0.34472902689526,0.1805890355016576,0.6003480729721389
BCN20000,Hybrid,anatom_site_general,lower extremity,2173,0.22503451449608836,0.748359393594956,0.18105418758952121,0.3901144296020493,1.086901042342528,0.047468177939654396,0.7185157656139985,0.7738257111621322,0.1659425757551951,0.19684190056082446,0.3447146061792699,0.43760638207526587,0.8137526948011812,1.3776901222889466
BCN20000,Hybrid,anatom_site_general,oral/genital,59,0.3220338983050847,0.5789473684210527,0.29620931151249325,0.09633164327470398,-0.18075173005381825,0.038570274450169494,0.42103356216628524,0.7391395688710267,0.19809860402871884,0.4042656596717679,-0.14512590132091138,0.3438135452998298,-1.781806555255911,1.339734103038222
BCN20000,Hybrid,anatom_site_general,palms/soles,380,0.5131578947368421,0.7074705474705474,0.4629516039312177,0.3830480339522737,2.44538168624082,0.038390177068405265,0.6578170154254631,0.761352829211615,0.41330238043118867,0.510908719995478,0.2815736312727979,0.5145404085027134,1.7881760241359128,3.32305281962374
BCN20000,Hybrid,anatom_site_general,upper extremity,1319,0.2880970432145565,0.7885376380247744,0.23293786692604043,0.5019675456068297,2.2728629308344734,0.04765152320078317,0.7613766887684742,0.8159635131858026,0.21044396957455913,0.2546380180218761,0.4440015858295777,0.56873861270096,1.8807197361963774,2.7243826213190343
