seed,n_val,AUC_raw,AUC_corrected,AUC_gain,Brier_raw,Brier_corrected,Brier_change,INB_raw,INB_corrected,INB_change
42,1505,0.7126250829075569,0.7545109073159811,0.041885824408424255,0.18971912735034246,0.18619800119462857,-0.0035211261557138995,0.05166454783724019,0.045259300863144336,-0.006405246974095856
43,480,0.7126250829075569,0.5708911073431444,-0.14173397556441247,0.18971912735034246,0.20386993474178342,0.01415080739144095,0.05166454783724019,0.02751668204207366,-0.02414786579516653
44,425,0.7126250829075569,0.5922434568777413,-0.12038162602981561,0.18971912735034246,0.21229241135966653,0.02257328400932407,0.05166454783724019,0.020696800831025028,-0.030967747006215164
45,445,0.7126250829075569,0.4946102945582608,-0.2180147883492961,0.18971912735034246,0.22185532299642913,0.03213619564608666,0.05166454783724019,0.004476639621250854,-0.04718790821598934
46,429,0.7126250829075569,0.7017939166108578,-0.010831166296699113,0.18971912735034246,0.19174173453802315,0.002022607187680686,0.05166454783724019,0.03913424790547883,-0.012530299931761364
47,434,0.7126250829075569,0.7334178110119404,0.020792728104383484,0.18971912735034246,0.193319074399386,0.0035999470490435392,0.05166454783724019,0.03719837252438528,-0.014466175312854913
48,431,0.7126250829075569,0.6143249973298163,-0.09830008557774061,0.18971912735034246,0.2087516074430163,0.01903248009267383,0.05166454783724019,0.023720003777629534,-0.02794454405961066
49,399,0.7126250829075569,0.7245103124766954,0.011885229569138511,0.18971912735034246,0.1885381160958681,-0.0011810112544743678,0.05166454783724019,0.04986810965091073,-0.0017964381863294632
50,440,0.7126250829075569,0.7119422997102136,-0.000682783197343273,0.18971912735034246,0.1730125639143059,-0.016706563436036576,0.05166454783724019,0.06090781480722254,0.009243266969982351
51,453,0.7126250829075569,0.708782692169351,-0.003842390738205914,0.18971912735034246,0.20835760568618075,0.018638478335838288,0.05166454783724019,0.019531162586648696,-0.03213338525059149
52,475,0.7126250829075569,0.6749286449253395,-0.037696437982217335,0.18971912735034246,0.21903683350162131,0.02931770615127885,0.05166454783724019,0.0109593363311773,-0.04070521150606289
53,456,0.7126250829075569,0.6648679493413767,-0.047757133566180165,0.18971912735034246,0.1934234897472538,0.003704362396911326,0.05166454783724019,0.05222827472359983,0.000563726886359639
54,467,0.7126250829075569,0.6560326996048421,-0.056592383302714766,0.18971912735034246,0.1884550604604479,-0.001264066889894555,0.05166454783724019,0.045130157628159424,-0.006534390209080768
55,434,0.7126250829075569,0.61619024337571,-0.09643483953184684,0.18971912735034246,0.18823578425714266,-0.001483343093199807,0.05166454783724019,0.042187174008865354,-0.009477373828374838
56,457,0.7126250829075569,0.5953793843940837,-0.11724569851347322,0.18971912735034246,0.22708851131938415,0.037369383969041686,0.05166454783724019,0.0021043846427697393,-0.04956016319447045
57,412,0.7126250829075569,0.7062613098214559,-0.006363773086101032,0.18971912735034246,0.19274540966021123,0.003026282309868761,0.05166454783724019,0.041925608344238446,-0.009738939493001746
58,446,0.7126250829075569,0.6386833730552162,-0.07394170985234072,0.18971912735034246,0.20961872542800153,0.019899598077659064,0.05166454783724019,0.02024042899461165,-0.03142411884262854
59,454,0.7126250829075569,0.6597369293956534,-0.05288815351190346,0.18971912735034246,0.1956279572986393,0.005908829948296834,0.05166454783724019,0.035965099992105724,-0.015699447845134468
60,444,0.7126250829075569,0.7397364034170733,0.027111320509516368,0.18971912735034246,0.1644962683449585,-0.025222859005383957,0.05166454783724019,0.07567028614285407,0.024005738305613873
61,416,0.7126250829075569,0.6999276083519539,-0.012697474555602994,0.18971912735034246,0.1938012128435027,0.004082085493160248,0.05166454783724019,0.04338160574864955,-0.008282942088590643
