dataset,score_correction,best_lambda,n_descriptors,descriptors,AUC,PR-AUC,Brier,ECE,calibration_slope,calibration_intercept,mean_net_benefit_0.02_0.50
HAM test,Raw,,0,,0.8873110071740361,0.5215442013581449,0.09693621382034968,0.0855521476449441,0.25399269176828365,-1.034587069579124,0.03924862728014816
HAM test,Platt,,0,,0.8873110071740361,0.5215442013581448,0.07156385614221561,0.024296587821803085,0.8033842222479922,-0.30046147416826946,0.04482234173990893
HAM test,Isotonic,,0,,0.885485172618278,0.49561555924975786,0.07201704013444626,0.02182302247511007,0.7300704433973277,-0.3525720676068597,0.04450787725189175
HAM test,alpha-only,0.0,10,A_asymmetry;B_border_irreg;C_color_mean_v;C_color_std_v;C_color_mean_s;C_color_std_s;C_glcm_contrast_d1;C_glcm_homogeneity_d1;C_glcm_contrast_d2;C_glcm_homogeneity_d2,0.8793433237768692,0.5089078081029792,0.07189930394916015,0.02401982353709061,0.7717106166739146,-0.34566225058966327,0.04447509249327645
HAM test,beta-only,0.0,10,A_asymmetry;B_border_irreg;C_color_mean_v;C_color_std_v;C_color_mean_s;C_color_std_s;C_glcm_contrast_d1;C_glcm_homogeneity_d1;C_glcm_contrast_d2;C_glcm_homogeneity_d2,0.8932633615865812,0.5391497421897609,0.07096198518084613,0.02108078323411046,0.7627146006022729,-0.357370988939308,0.04663960058854895
HAM test,A-only descriptors,0.0,1,A_asymmetry,0.8881314065837053,0.5297485942529979,0.0714437318230251,0.018648041456429724,0.8016705613461088,-0.30314450551168387,0.04476595504873185
HAM test,B-only descriptors,0.0,1,B_border_irreg,0.8897097837088296,0.5279562116805367,0.07110186856095164,0.02348247438785621,0.8078216584252427,-0.295033658032094,0.04514404965421756
HAM test,C-only descriptors,0.0,8,C_color_mean_v;C_color_std_v;C_color_mean_s;C_color_std_s;C_glcm_contrast_d1;C_glcm_homogeneity_d1;C_glcm_contrast_d2;C_glcm_homogeneity_d2,0.8861160775990833,0.5185655204591588,0.07141578239874591,0.02318616649343746,0.7185262872900922,-0.445336786379741,0.04683966612346993
HAM test,GLCM-only descriptors,0.0,4,C_glcm_contrast_d1;C_glcm_homogeneity_d1;C_glcm_contrast_d2;C_glcm_homogeneity_d2,0.8851039544143283,0.5263094560499448,0.07128053767713437,0.020906249828760874,0.7212339185911344,-0.44921562861135284,0.046599270195520494
HAM test,all descriptors,0.0,10,A_asymmetry;B_border_irreg;C_color_mean_v;C_color_std_v;C_color_mean_s;C_color_std_s;C_glcm_contrast_d1;C_glcm_homogeneity_d1;C_glcm_contrast_d2;C_glcm_homogeneity_d2,0.8848498089450286,0.5293759960172773,0.07154693744296817,0.022480240759355466,0.7090224001669284,-0.4614311516326862,0.0464183825675609
BCN20000,Raw,,0,,0.7126250829075569,0.4722148882097616,0.18971912735034246,0.17559960985682183,0.15995440078177103,-0.20904570018333932,0.05166454783724019
BCN20000,Platt,,0,,0.7126413091269884,0.4722613951073611,0.17456138590992112,0.13565227427529772,0.5075080139106284,0.25557699774949055,0.058416050315913196
BCN20000,Isotonic,,0,,0.7102650104250712,0.45411253388419576,0.17459614566067036,0.13689259994396025,0.42111715826816853,0.12724691514999464,0.058876582808995354
BCN20000,alpha-only,0.0,10,A_asymmetry;B_border_irreg;C_color_mean_v;C_color_std_v;C_color_mean_s;C_color_std_s;C_glcm_contrast_d1;C_glcm_homogeneity_d1;C_glcm_contrast_d2;C_glcm_homogeneity_d2,0.7419050394754982,0.47587903665170206,0.17569477619186052,0.1413893574689137,0.462178240742985,0.2645587319155376,0.0582364270353469
BCN20000,beta-only,0.0,10,A_asymmetry;B_border_irreg;C_color_mean_v;C_color_std_v;C_color_mean_s;C_color_std_s;C_glcm_contrast_d1;C_glcm_homogeneity_d1;C_glcm_contrast_d2;C_glcm_homogeneity_d2,0.7532369659504322,0.5415048832808654,0.18210520265605085,0.17409850620117653,0.5074964241642939,0.8650349630281549,0.04981170709699384
BCN20000,A-only descriptors,0.0,1,A_asymmetry,0.7118050910917249,0.4719616260725237,0.1736022919375715,0.13291751298149007,0.5399763905122283,0.2847429408343976,0.05921205772911785
BCN20000,B-only descriptors,0.0,1,B_border_irreg,0.7101079860397373,0.46532008639595784,0.17439893631777953,0.13210118201950463,0.48566439377295556,0.17676654851427182,0.05865083241047676
BCN20000,C-only descriptors,0.0,8,C_color_mean_v;C_color_std_v;C_color_mean_s;C_color_std_s;C_glcm_contrast_d1;C_glcm_homogeneity_d1;C_glcm_contrast_d2;C_glcm_homogeneity_d2,0.7571861090961622,0.5369132436260512,0.19055060354874867,0.18654221829316686,0.5449569015575773,1.1194860996455387,0.04013780078278894
BCN20000,GLCM-only descriptors,0.0,4,C_glcm_contrast_d1;C_glcm_homogeneity_d1;C_glcm_contrast_d2;C_glcm_homogeneity_d2,0.7249110598058158,0.509435557463465,0.1918026454282087,0.185769499893919,0.4992221585470232,0.9229285941156492,0.03895851419808533
BCN20000,all descriptors,0.0,10,A_asymmetry;B_border_irreg;C_color_mean_v;C_color_std_v;C_color_mean_s;C_color_std_s;C_glcm_contrast_d1;C_glcm_homogeneity_d1;C_glcm_contrast_d2;C_glcm_homogeneity_d2,0.7545424806820081,0.5409556966646792,0.18623693837204677,0.1810305679606159,0.5328313805196822,0.9937706709598989,0.04525568813586741
